Date_conducted,Pollster,Sample_size,FdI,PD,M5S,Lega,FI,Az,IV,AVS,+E,NM,DSP,PLD,FN,Lead
2026-02-18,YouTrend,813.0,28.6,21.5,11.7,6.1,9.1,4.3,1.9,7.2,1.6,1.0,,,4.3,7.1
2026-02-18,Eumetra,,29.9,22.1,11.8,6.7,8.5,3.2,2.3,6.5,1.4,1.1,,,3.1,7.8
2026-02-16,SWG,1200.0,29.8,22.0,11.8,6.4,8.4,3.3,2.3,6.6,1.4,1.1,,,3.6,7.8
2026-02-14,BiDiMedia,2000.0,28.9,22.3,12.2,6.7,8.0,3.0,2.2,7.0,1.3,0.8,0.8,0.6,2.5,6.6
2026-02-12,Termometro Politico,2500.0,29.5,22.0,12.1,7.8,8.1,2.8,2.5,6.5,1.6,1.0,,,3.6,7.5
2026-02-11,Eumetra,815.0,30.2,22.3,11.9,7.0,8.5,3.0,2.3,6.4,1.5,1.2,,,2.6,7.9
2026-02-11,EMG,1000.0,27.0,22.2,12.1,7.6,9.0,3.0,2.4,6.1,1.6,1.4,1.6,1.8,2.9,4.8
2026-02-09,YouTrend,815.0,28.9,21.2,11.8,6.2,9.5,4.0,2.2,7.0,1.9,1.0,,,3.9,7.7
2026-02-09,SWG,1200.0,30.1,22.2,11.7,6.6,8.4,3.1,2.2,6.4,1.5,1.2,,,3.3,7.9
2026-02-08,BiDiMedia,2000.0,28.5,22.5,12.1,7.4,7.9,2.8,2.3,6.9,1.2,0.7,0.6,0.7,2.6,6.0
2026-02-05,Termometro Politico,2900.0,29.8,22.0,11.9,7.7,8.3,2.8,,6.4,,,,,3.5,8.2
2026-02-03,YouTrend,800.0,29.2,21.0,11.4,7.2,9.5,3.4,2.5,6.6,1.3,1.1,,,4.2,8.2
2026-02-02,SWG,1200.0,31.3,22.5,12.0,7.7,8.2,3.1,2.2,6.5,1.4,1.2,,,Did not exist,8.8
2026-01-29,Termometro Politico,2700.0,30.3,22.2,12.1,8.4,8.6,3.0,2.5,6.5,1.7,1.0,1.3,,2.7,
2026-01-27,EMG,1000.0,28.0,22.7,12.5,8.4,8.6,2.8,2.7,6.1,1.9,1.6,1.7,1.7,1.3,
2026-01-27,Ixè,1000.0,29.1,22.6,12.2,8.0,8.4,3.3,2.3,7.2,1.8,1.0,,,4.1,
2026-01-26,SWG,1200.0,31.2,22.6,12.1,8.0,8.2,3.0,2.0,6.6,1.3,1.1,,,3.9,
2026-01-22,Termometro Politico,2600.0,30.0,22.1,12.3,8.4,8.5,3.1,2.5,6.7,1.7,1.1,1.3,,2.3,
2026-01-21,EMG,1000.0,28.2,22.5,12.6,8.2,8.6,2.9,2.8,6.0,1.7,1.6,1.6,1.7,1.6,
2026-01-20,YouTrend,804.0,29.4,21.4,13.8,8.2,7.7,3.3,1.9,6.7,2.0,0.9,,,4.7,
2026-01-19,SWG,1200.0,31.1,22.4,12.4,8.0,8.4,2.8,2.0,6.4,1.3,1.2,,,4.0,
2026-01-15,Termometro Politico,2800.0,30.4,21.9,12.3,8.4,8.5,3.0,2.5,6.6,1.7,1.2,1.3,,2.2,
2026-01-16,BiDiMedia,1000.0,29.2,22.1,12.8,8.6,8.3,3.0,2.0,6.7,1.3,0.7,1.2,0.6,3.0,
2026-01-13,EMG,1000.0,28.6,22.3,12.8,8.3,8.3,3.0,2.8,5.9,1.8,1.6,1.7,1.7,0.7,
2026-01-12,SWG,1200.0,30.9,22.3,12.7,8.3,8.3,2.9,2.2,6.5,1.3,1.0,,,3.6,
2026-01-07,Eumetra,800.0,30.5,21.8,13.0,8.2,8.4,3.2,2.5,6.6,1.6,1.1,,,3.1,
2026-01-07,EMG,1000.0,28.8,22.0,13.0,8.4,8.4,3.1,2.9,5.7,1.8,1.6,1.6,1.6,1.1,
2025-12-22,SWG,1200.0,31.3,22.1,12.7,8.2,8.1,3.1,2.2,6.8,1.4,1.0,,,3.1,
2025-12-19,YouTrend,1201.0,28.3,22.8,12.7,8.1,8.3,3.3,2.0,7.4,1.7,0.9,,,4.5,
2025-12-18,Demopolis,2000.0,30.0,22.8,12.4,8.7,8.7,2.8,2.6,6.5,,,,,5.5,
2025-12-18,Ipsos,1000.0,28.4,21.3,13.5,8.1,8.3,3.1,2.5,6.1,1.6,1.0,,,6.1,
2025-12-16,BiDiMedia,1000.0,29.0,22.4,12.3,8.3,8.3,3.1,2.1,7.0,1.3,0.8,1.0,0.7,3.7,
2025-12-15,Ipsos,500.0,29.3,21.1,14.0,8.4,8.6,3.2,2.6,6.3,1.7,1.0,,,3.8,
2025-12-15,Piepoli,500.0,32.0,21.5,11.0,8.5,9.0,3.5,3.0,5.5,1.5,1.5,,1.5,1.5,
2025-12-15,SWG,1200.0,31.0,22.3,12.8,8.4,8.1,3.0,2.3,6.8,1.4,1.1,,,2.8,
2025-12-12,Emg Different,2000.0,28.8,21.4,13.5,8.6,9.6,3.2,2.6,5.8,1.7,,,,4.8,
2025-12-11,Tecnè,1000.0,31.1,21.7,11.8,8.5,10.9,3.3,2.0,6.2,1.7,,,,2.8,
2025-12-11,BiDiMedia,1000.0,29.1,22.6,12.1,8.4,8.1,3.2,2.2,7.1,1.1,0.7,1.1,0.6,3.7,
2025-12-11,Termometro Politico,2700.0,30.0,22.1,12.2,8.7,8.5,3.1,2.4,6.6,1.7,1.0,,,3.7,
2025-12-08,SWG,1200.0,31.2,22.0,13.0,8.1,7.9,3.2,2.4,6.7,1.4,1.2,,,2.9,
2025-12-05,YouTrend,805.0,27.8,22.1,13.4,7.8,7.6,3.9,1.9,7.7,2.8,0.8,,,4.2,
2025-12-04,Tecnè,1000.0,31.0,21.8,11.6,8.5,11.0,3.2,2.1,6.1,1.8,,,,2.9,
2025-12-04,Termometro Politico,2500.0,30.4,21.8,12.3,8.6,8.4,3.1,2.3,6.4,1.7,1.0,,,4.0,
2025-12-03,Eumetra,800.0,30.9,22.0,12.7,8.1,8.3,3.4,2.6,6.7,1.4,1.2,,,2.7,
2025-12-02,Demopolis,2000.0,30.0,23.0,12.5,8.8,8.8,2.7,2.6,6.5,,,,,5.1,
2025-12-01,SWG,1200.0,31.3,22.2,12.7,7.9,7.9,3.3,2.4,6.9,1.5,1.2,,,2.7,
2025-11-27,Tecné,1000.0,31.0,22.0,11.5,8.4,11.1,3.3,2.0,6.2,1.6,,,,2.9,
2025-11-27,Termometro Politico,2200.0,30.5,21.8,12.2,8.4,8.6,3.0,2.4,6.4,1.7,1.0,,,4.0,
2025-11-27,Ipsos,1000.0,28.0,21.6,13.5,8.9,8.6,3.0,2.5,6.3,1.6,0.9,,,5.1,
2025-11-27,Ixè,1000.0,30.3,21.8,13.0,7.8,9.1,3.0,2.6,7.1,1.9,0.9,,,2.5,
2025-11-26,Eumetra,800.0,31.1,22.2,12.6,7.9,8.2,3.2,2.5,6.9,1.4,1.2,,,2.7,
2025-11-24,SWG,1200.0,31.6,22.3,12.5,7.7,7.9,3.3,2.5,7.0,1.4,1.2,,,2.6,
2025-11-23,BiDiMedia,1000.0,29.4,22.3,12.2,8.0,8.6,3.0,2.2,6.8,1.0,1.0,1.0,0.8,3.7,
2025-11-20,Termometro Politico,2600.0,30.4,22.0,12.3,8.5,8.5,3.2,2.3,6.3,1.7,1.0,,,3.8,
2025-11-18,Piepoli,507.0,31.5,21.0,11.0,8.5,9.0,3.0,3.0,6.0,2.0,1.5,,1.5,2.0,
2025-11-17,SWG,1200.0,31.4,22.0,12.8,7.8,8.0,3.2,2.5,6.9,1.5,1.3,,,2.6,
2025-11-13,Termometro Politico,2600.0,30.4,21.8,12.0,8.4,8.3,3.0,2.5,6.6,1.7,1.0,,,4.3,
2025-11-12,Eumetra,800.0,30.7,22.1,12.9,8.1,8.7,3.4,2.4,6.7,1.5,1.1,,,2.4,
2025-11-11,Tecnè,1000.0,29.8,22.3,12.9,8.3,8.7,3.4,2.4,6.7,1.9,1.1,,,2.5,
2025-11-13,EMG Different,1000.0,29.2,20.8,13.3,8.6,9.0,3.0,2.6,6.0,1.8,1.4,,,4.3,
2025-11-10,SWG,1200.0,31.3,22.2,12.8,8.0,8.1,3.0,2.5,6.7,1.5,1.1,,,2.8,
2025-11-06,BiDiMedia,1000.0,29.5,22.2,12.5,8.1,8.3,2.8,2.3,6.9,1.1,0.9,1.0,0.6,3.8,
2025-11-06,Tecné,1000.0,31.1,21.7,11.5,8.3,11.2,3.6,2.9,6.0,1.6,,,,3.8,
2025-11-06,Termometro Politico,2400.0,30.2,22.1,12.2,8.4,8.5,3.1,2.3,6.6,1.7,1.1,,,3.8,
2025-11-05,Eumetra,800.0,30.9,21.9,12.7,8.3,8.6,3.3,2.6,6.6,1.7,1.0,,,2.4,
2025-11-03,SWG,1200.0,31.4,21.9,12.6,8.2,8.0,3.1,2.5,6.6,1.7,1.0,,,2.7,
2025-11-01,SWG,1200.0,31.3,22.2,12.7,7.9,7.9,3.3,2.4,6.9,1.5,1.2,,,2.7,
2025-10-31,YouTrend,800.0,29.4,20.6,13.6,7.7,9.0,4.5,2.0,6.5,1.6,1.1,,,4.0,
2025-10-30,Ipsos,1000.0,28.0,20.9,13.5,8.0,9.0,3.3,2.6,6.3,1.8,1.0,,,5.6,
2025-10-29,EMG Different,1000.0,29.0,21.3,13.1,8.8,9.3,2.9,2.4,5.6,1.9,1.3,,,4.4,
2025-10-27,SWG,1200.0,31.2,22.0,12.8,8.2,8.1,3.1,2.5,6.8,1.6,1.0,,,2.7,
2025-10-26,BiDiMedia,1000.0,29.3,22.4,12.3,8.3,8.2,2.9,2.5,6.7,1.2,0.8,1.0,0.6,3.8,
2025-10-22,Eumetra,800.0,30.7,22.0,12.9,8.5,8.3,3.1,2.3,6.6,1.8,1.0,,,2.9,
2025-10-20,SWG,1200.0,31.0,22.1,13.2,8.5,7.9,2.9,2.3,6.6,1.8,1.0,,,2.7,
2025-10-19,BiDiMedia,1000.0,29.0,22.2,12.5,8.3,8.4,2.8,2.4,6.8,1.2,0.8,1.1,0.7,3.8,
2025-10-16,Termometro Politico,3000.0,29.8,22.0,12.1,8.6,8.6,3.1,2.4,6.4,1.8,1.1,,,3.6,
2025-10-15,Eumetra,800.0,30.4,21.8,13.1,8.5,8.0,3.4,2.3,6.6,1.8,1.0,,,3.1,
2025-10-15,Eumetra,800.0,30.4,21.8,13.1,8.5,8.0,3.4,2.3,6.6,1.8,1.0,,,3.1,
2025-10-14,Demopolis,1540.0,30.2,23.0,12.4,8.5,8.8,2.8,2.5,6.7,,,,,,
2025-10-13,SWG,1200.0,30.8,21.8,13.4,8.7,7.8,3.1,2.4,6.8,1.9,,,,3.3,
2025-10-09,Termometro Politico,2600.0,29.6,21.9,12.4,8.6,8.9,3.0,2.2,6.6,1.7,1.0,,,4.1,
2025-10-08,Eumetra,800.0,30.4,21.9,13.3,8.6,8.2,3.5,2.2,6.6,1.9,1.0,,,2.4,
2025-10-05,BiDiMedia,1000.0,28.8,22.0,13.0,8.5,8.2,3.2,2.2,7.0,1.3,1.0,1.0,,3.8,
2025-10-06,SWG,1200.0,30.8,21.9,13.6,8.8,8.0,3.0,2.2,6.8,1.8,,,,3.1,
2025-10-02,Termometro Politico,2800.0,29.8,22.0,12.5,8.6,8.8,3.1,2.3,6.5,1.8,1.0,,,2.5,
2025-10-01,EMG,1000.0,28.1,21.6,13.1,8.4,9.6,3.2,2.5,5.9,2.2,,,,1.6,
2025-09-29,SWG,1200.0,30.5,22.1,13.7,9.0,8.0,3.1,2.2,6.5,1.9,,,,3.0,
2025-09-26,Ixè,1000.0,29.2,22.0,14.1,8.2,9.3,3.1,2.2,6.1,2.4,1.1,,,2.3,
2025-09-22,BiDiMedia,1000.0,28.4,22.3,12.7,8.5,8.4,3.1,2.1,7.0,1.4,1.0,,,5.1,
2025-09-22,SWG,1200.0,30.2,21.9,13.5,9.0,8.0,3.3,2.2,6.7,2.0,,,,3.2,
2025-09-18,Termometro Politico,2800.0,29.4,22.1,12.4,8.5,8.8,3.1,2.2,6.5,1.9,1.0,,,3.2,
2025-09-18,Demos & Pi,1028.0,29.8,21.7,13.2,8.6,8.4,3.2,2.3,6.1,2.0,,,,4.7,
2025-09-15,BiDiMedia,1000.0,28.1,22.3,12.6,8.7,8.4,3.1,1.9,6.9,1.3,0.9,1.1,,4.7,
2025-09-15,SWG,1200.0,30.4,21.9,13.3,8.7,8.1,3.4,2.4,6.6,2.1,1.0,,,2.1,
2025-09-11,Termometro Politico,2700.0,29.7,22.1,12.3,8.6,8.6,2.9,2.3,6.4,1.8,1.0,,,2.3,
2025-09-10,Eumetra,1200.0,29.6,22.0,13.5,8.4,8.2,4.0,2.2,6.8,1.8,1.0,,,2.5,
2025-09-08,SWG,1200.0,30.0,22.2,13.6,8.6,8.3,3.3,2.4,6.8,2.0,1.0,,,1.8,
2025-09-05,YouTrend,805.0,28.5,21.1,13.5,8.3,8.0,4.8,1.8,7.5,1.5,0.7,,,4.3,
2025-09-01,SWG,1200.0,30.2,22.0,13.3,8.6,8.2,3.5,2.5,6.7,2.1,1.0,,,1.9,
2025-08-25,BiDiMedia,1000.0,28.8,22.5,12.9,8.6,8.3,2.6,1.5,7.0,1.3,0.9,1.0,,4.6,
2025-08-07,Termometro Politico,2800.0,29.1,22.1,12.3,8.5,8.8,3.0,2.4,6.6,1.8,1.1,,,1.9,
2025-07-31,Termometro Politico,2500.0,28.8,22.3,12.4,8.7,8.5,3.1,2.3,6.5,1.8,1.0,,,2.2,
2025-07-31,Youtrend,,28.5,22.1,13.4,8.3,8.4,4.1,2.3,6.9,1.7,0.6,,,3.7,
2025-07-31,Termometro Politico,2500.0,28.8,22.3,12.4,8.7,8.5,3.1,2.3,6.5,1.8,1.0,1.4,,3.2,
2025-07-30,Demopolis,2000.0,30.2,22.5,12.0,8.8,8.8,,,6.3,,,,,3.4,
2025-07-29,Winpoll,1500.0,27.9,23.6,11.0,8.7,9.1,2.6,2.8,6.3,1.3,1.5,,,5.2,
2025-07-28,SWG,1200.0,29.9,22.4,13.4,8.4,8.1,3.3,2.6,6.7,2.1,1.0,,,2.1,
2025-07-24,Ipsos,1000.0,28.0,21.1,14.3,8.5,8.1,2.6,2.2,5.8,2.2,1.1,,,2.3,
2025-07-17,SWG,1200.0,29.9,22.7,13.0,8.4,7.9,3.5,2.4,6.9,2.0,1.0,,,2.3,
2025-07-17,Termometro Politico,2600.0,29.2,22.3,12.5,8.4,8.6,3.0,2.4,6.5,1.9,1.0,1.4,,2.8,
2025-07-14,YouTrend,800.0,28.1,22.1,12.7,8.2,8.9,3.6,2.0,7.3,2.1,0.3,,,4.7,
2025-07-14,SWG,1200.0,30.3,23.0,12.7,8.3,8.0,3.5,2.2,6.8,1.9,,,,3.3,
2025-07-10,Termometro Politico,2800.0,29.2,22.2,12.2,8.6,8.8,2.9,2.4,6.4,1.8,1.0,,,4.5,
2025-07-07,SWG,1200.0,30.1,22.8,12.6,8.2,8.1,3.7,2.2,6.8,1.9,,,,3.6,
2025-07-03,Termometro Politico,2600.0,29.4,22.0,12.4,8.4,8.5,3.0,2.3,6.6,1.9,1.1,1.5,,2.9,
2025-06-30,SWG,1200.0,30.3,23.0,12.3,8.2,8.3,3.8,2.0,6.6,1.7,,,,4.0,
2025-06-30,Winpoll,1500.0,27.6,23.9,11.3,9.0,8.8,3.5,2.7,6.6,1.0,,,,5.6,
2025-06-26,Ipsos,1000.0,28.2,21.4,13.3,8.8,8.4,3.0,2.0,6.0,1.7,1.0,,,6.2,
2025-06-26,Ixè,1000.0,28.2,21.7,13.7,8.6,8.8,3.8,1.8,6.4,2.3,0.9,,,3.8,
2025-06-19,Termometro Politico,2900.0,29.7,22.3,12.0,8.3,8.9,2.7,2.4,6.3,2.0,1.2,,,3.1,
2025-06-23,SWG,1200.0,30.6,23.0,12.4,8.2,8.1,3.6,2.1,6.5,1.5,1.0,,,3.0,
2025-06-16,SWG,1200.0,30.4,23.3,12.3,8.1,8.3,3.4,2.3,6.7,1.5,1.0,,,2.7,
2025-06-13,Youtrend,802.0,28.4,22.2,11.9,8.3,8.9,3.2,1.8,6.9,2.0,0.4,,,6.0,
2025-06-12,Termometro Politico,3500.0,29.8,22.1,12.0,8.6,8.7,2.8,2.3,6.3,1.9,1.0,,,2.4,
2025-06-11,Eumetra,800.0,30.2,23.1,12.8,8.4,8.3,3.4,2.5,6.3,1.5,1.0,,,2.9,
2025-06-09,SWG,1200.0,30.7,23.4,12.5,7.9,8.0,3.4,2.5,6.5,1.4,1.0,,,2.7,
2025-06-06,EMG,,29.0,23.3,12.1,8.2,9.3,3.0,2.3,6.5,1.6,1.4,,,3.3,
2025-06-03,Noto,,30.5,22.5,12.5,8.5,9.0,3.5,2.5,6.0,1.5,1.5,,,2.0,
2025-06-05,BiDiMedia,1000.0,28.9,23.1,12.5,8.9,8.3,2.8,2.2,6.4,1.4,0.9,1.3,,5.9,
2025-06-04,Eumetra,800.0,30.0,22.8,12.7,8.4,8.3,3.2,2.5,6.2,1.7,1.0,,,3.2,
2025-06-02,SWG,1200.0,30.5,23.1,12.4,8.2,8.1,3.3,2.5,6.4,1.5,1.1,,,2.9,
2025-05-30,EMG,,28.6,23.7,11.8,8.4,9.5,3.2,2.4,6.3,1.8,1.3,,,3.0,
2025-05-29,Ipsos,1000.0,27.3,22.3,14.6,7.8,7.8,3.0,2.0,5.9,1.8,1.0,,,6.5,
2025-05-27,Euromedia,,30.1,22.1,12.1,8.9,9.0,3.0,2.9,6.1,2.4,1.0,,,2.4,
2025-05-26,SWG,1200.0,30.5,22.8,12.4,8.4,8.0,3.2,2.6,6.5,1.7,1.2,,,2.7,
2025-05-22,Demopolis,,29.5,23.0,12.0,8.6,8.9,2.7,2.5,6.5,1.8,1.2,1.4,,,
2025-05-22,Termometro Politico,2700.0,30.0,21.9,12.1,8.5,8.5,2.8,2.5,6.5,1.8,1.2,,,4.2,
2025-05-21,Eumetra,800.0,30.2,22.1,12.5,8.6,8.5,3.6,2.6,6.4,1.8,1.0,,,2.7,
2025-05-19,SWG,1200.0,30.3,22.5,12.4,8.4,8.3,3.3,2.7,6.7,1.6,1.0,,,4.5,
2025-05-15,Tecnè,,30.0,21.4,12.1,8.2,11.2,3.5,2.1,6.1,1.6,,,,3.8,
2025-05-15,Demos & Pi,1009.0,29.3,22.0,12.5,8.7,8.6,3.8,2.5,5.8,2.3,,,,4.5,
2025-05-14,Eumetra,800.0,30.3,21.9,12.4,8.9,8.7,3.5,2.7,6.3,1.7,1.0,,,2.6,
2025-05-13,Noto,,31.0,21.5,13.0,8.5,9.0,3.0,2.5,6.5,1.5,1.5,,,2.5,
2025-05-12,SWG,1200.0,30.4,22.4,12.0,8.6,8.5,3.5,2.9,6.5,1.6,1.0,,,2.6,
2025-05-08,Tecnè,1003.0,29.8,21.6,12.0,8.3,11.3,3.4,2.0,6.0,1.7,,,,3.9,
2025-05-05,SWG,1200.0,30.1,22.5,12.2,8.6,8.4,3.5,2.8,6.4,1.7,1.0,,,2.8,
2025-04-30,Demopolis,,29.0,23.0,11.6,8.9,9.0,2.6,2.5,6.4,1.7,1.6,,,,
2025-04-30,Euromedia,,30.6,22.0,11.0,8.7,9.2,3.1,2.7,6.0,1.8,1.0,,,3.9,
2025-04-30,Eumetra,800.0,30.1,21.8,12.6,9.1,8.9,3.5,2.6,6.2,1.8,1.1,,,2.3,
2025-04-24,Ipsos,,27.7,21.1,13.9,8.2,8.2,2.8,2.5,5.8,1.8,1.0,,,6.6,
2025-04-28,SWG,1200.0,30.3,22.0,12.4,8.8,8.7,3.4,2.7,6.2,1.7,1.0,,,2.8,
2025-04-24,Tecnè,1000.0,30.0,21.7,12.0,8.3,11.5,3.3,2.0,5.8,1.7,,,,3.7,
2025-04-23,Eumetra,800.0,29.9,22.0,12.4,9.0,9.1,3.4,2.6,6.1,1.8,1.0,,,2.7,
2025-04-23,Ixè,1000.0,28.6,21.8,13.1,8.8,9.2,3.5,1.8,6.7,2.2,1.0,,,3.3,
2025-04-21,SWG,1200.0,30.0,21.8,12.3,8.9,8.9,3.5,2.8,6.4,1.7,,,,3.7,
2025-04-17,Tecnè,1001.0,29.9,22.0,11.8,8.3,11.4,3.2,2.1,5.6,1.8,,,,3.9,
2025-04-16,Noto,,31.0,22.0,13.0,9.0,8.5,3.0,2.5,5.5,2.0,1.5,,,2.0,
2025-04-14,SWG,1200.0,30.0,22.0,12.5,8.7,8.8,3.6,2.7,6.4,1.9,,,,3.4,
2025-04-10,Tecnè,1000.0,29.7,22.1,11.6,8.4,11.5,3.0,2.2,5.8,1.8,,,,3.9,
2025-04-09,Eumetra,800.0,29.8,22.3,12.3,9.0,9.0,3.4,2.4,6.1,1.8,1.0,,,2.9,
2025-04-08,Euromedia,,29.6,22.5,12.0,9.5,9.4,3.6,2.6,6.1,1.7,1.0,,,2.0,
2025-04-07,SWG,1200.0,30.2,22.3,12.2,8.7,8.9,3.8,2.5,6.2,1.8,,,,3.4,
2025-04-04,Quorum,806.0,28.1,22.4,12.0,7.7,9.2,3.7,2.3,5.7,2.2,0.8,,,5.9,
2025-04-03,Tecnè,,29.7,22.3,11.3,8.3,11.5,2.9,2.1,6.0,1.9,,,,4.0,
2025-04-02,Eumetra,800.0,29.5,22.4,12.3,8.9,9.0,3.0,2.5,6.0,2.0,1.1,,,3.3,
2025-03-31,SWG,1200.0,29.8,22.5,11.9,8.4,9.1,3.9,2.6,6.0,2.0,,,,2.8,
2025-03-27,Noto,,30.5,22.5,12.0,9.5,9.0,3.0,2.5,5.5,2.0,2.0,,,1.5,
2025-03-27,Tecnè,,29.7,22.3,11.5,8.2,11.5,3.0,2.2,5.9,1.8,,,,3.9,
2025-03-27,Termometro Politico,2900.0,29.0,22.2,11.7,8.9,8.7,2.9,2.4,6.2,2.0,1.2,1.4,,3.4,
2025-03-27,Ipsos,1000.0,26.6,21.5,13.8,9.0,8.4,2.7,2.3,6.3,2.0,1.0,,,6.4,
2025-03-26,Demopolis,2000.0,29.5,23.2,11.4,9.0,9.0,2.6,2.3,6.4,1.6,1.0,,,,
2025-03-26,Winpoll,1600.0,27.4,24.6,11.0,8.5,8.3,2.8,2.9,7.0,2.0,,,,5.5,
2025-03-26,YouTrend,1000.0,28.2,23.1,11.6,8.5,9.0,3.0,1.9,6.0,2.2,0.9,,,5.6,
2025-03-25,Piepoli,500.0,30.0,22.0,12.5,8.0,9.0,2.5,3.0,6.5,2.0,1.0,,,1.5,
2025-03-24,SWG,1200.0,29.7,22.4,12.2,8.4,9.3,3.6,2.4,6.2,1.8,1.0,,,3.0,
2025-03-20,Termometro Politico,3100.0,29.1,22.1,11.9,8.7,8.7,3.0,2.3,6.4,1.9,1.3,1.4,,3.2,
2025-03-19,Piepoli,500.0,29.5,22.5,12.5,8.0,9.0,2.5,3.0,6.5,2.0,1.0,,,1.5,
2025-03-18,Euromedia,1000.0,30.0,23.4,11.9,9.3,9.1,2.8,2.5,5.8,1.8,0.9,,,4.2,
2025-03-17,SWG,1200.0,30.0,22.7,12.2,8.0,9.1,3.5,2.2,6.3,1.9,1.1,,,3.0,
2025-03-15,Lab2101,1000.0,30.1,21.3,11.1,8.6,8.3,3.5,2.9,5.6,2.4,1.6,,,3.9,
2025-03-13,Termometro Politico,3000.0,29.1,22.1,11.7,8.6,8.8,3.0,2.3,6.2,1.9,1.3,1.5,,3.5,
2025-03-13,Tecnè,1000.0,29.9,22.2,11.4,8.0,11.5,2.8,2.2,6.2,2.0,,,,3.8,
2025-03-11,Noto,1000.0,30.5,23.0,11.5,9.0,8.5,3.0,2.5,6.0,2.0,2.0,,,2.0,
2025-03-10,SWG,1200.0,30.2,22.4,12.4,8.0,9.2,3.5,2.4,6.3,2.0,1.0,,,2.6,
2025-03-08,Lab2101,1000.0,30.2,21.2,10.9,8.6,8.2,3.5,3.0,5.5,2.3,1.6,,,4.3,
2025-03-07,Quorum,804.0,28.2,23.1,11.6,8.5,9.0,3.0,1.9,6.0,2.2,0.9,,Did not exist,5.6,
2025-03-06,Euromedia,1000.0,29.8,23.0,11.8,8.7,9.1,2.8,2.5,5.5,2.1,0.9,,3.8,6.8,
2025-03-06,Tecnè,1000.0,29.8,22.4,11.3,8.1,11.3,2.8,2.3,6.1,2.0,,1.5,3.9,7.4,
2025-03-06,Termometro Politico,2900.0,29.3,22.3,11.5,8.8,8.7,3.0,2.4,6.2,1.9,1.2,1.3,3.4,7.0,
2025-03-05,Eumetra,800.0,29.6,22.8,12.0,8.4,9.4,3.0,2.6,6.3,2.0,1.2,,2.7,6.8,
2025-03-03,SWG,1200.0,30.0,22.5,12.0,8.3,9.4,3.4,2.6,6.5,1.8,1.0,,2.5,7.5,
2025-02-28,EMG,,30.3,23.6,11.6,8.6,9.1,2.4,2.5,6.2,1.8,1.3,,2.6,6.7,
2025-02-27,Ipsos,1000.0,27.0,22.6,13.2,8.1,8.2,2.3,2.3,6.0,2.2,1.2,,6.9,4.4,
2025-02-27,Termometro Politico,3000.0,29.3,22.4,11.6,8.6,8.6,2.9,2.5,6.1,1.9,1.2,1.2,3.7,6.9,
2025-02-27,Tecnè,1001.0,29.8,22.3,11.3,8.2,11.3,2.9,2.5,6.0,1.9,,,3.8,7.6,
2025-02-27,Ixè,1000.0,30.4,21.9,12.3,8.2,8.6,3.3,1.9,7.6,2.4,1.0,,2.4,8.5,
2025-02-26,Eumetra,800.0,30.1,22.9,11.8,8.3,9.3,2.9,2.8,6.3,1.9,1.1,,2.6,7.2,
2025-02-26,Winpoll,1500.0,27.6,24.4,10.7,8.4,8.3,2.7,2.7,7.1,1.6,,,6.5,3.2,
2025-02-25,Noto,,30.5,23.5,12.5,8.5,8.0,2.5,2.5,5.5,1.5,2.0,,3.0,7.0,
2025-02-25,Piepoli,500.0,29.5,23.0,12.0,9.0,9.0,3.0,3.0,6.5,2.0,1.0,,3.0,6.5,
2025-02-24,SWG,1200.0,30.2,22.2,12.2,8.0,9.2,3.2,2.8,6.5,1.9,1.1,,2.7,8.0,
2025-02-20,Tecnè,1000.0,29.6,22.5,11.2,8.3,11.4,2.8,2.4,5.9,2.0,,,3.9,7.1,
2025-02-19,EMG,1185.0,30.0,23.8,11.4,8.7,9.2,2.3,2.6,5.9,1.9,1.3,,3.0,6.2,
2025-02-20,Termometro Politico,2800.0,29.5,22.3,11.4,8.6,8.7,2.8,2.4,6.3,2.0,1.2,1.3,3.5,7.2,
2025-02-20,BiDiMedia,1200.0,28.9,23.8,11.1,8.2,8.8,2.7,2.2,6.4,1.7,0.9,1.4,3.9,5.1,
2025-02-19,Eumetra,800.0,29.9,22.9,11.5,8.6,9.2,3.0,2.8,6.2,2.1,0.9,,2.9,7.0,
2025-02-16,Euromedia Research,1000.0,30.5,23.5,11.5,8.7,9.3,3.0,2.8,5.7,1.8,0.7,,2.5,7.0,
2025-02-14,Tecnè,1002.0,29.5,22.7,11.0,8.4,11.3,2.7,2.5,6.0,1.9,,,4.0,6.8,
2025-02-17,SWG,1200.0,29.8,22.0,11.9,8.2,9.3,3.1,3.0,6.6,2.1,1.0,,3.0,7.8,
2025-02-13,Termometro Politico,2700.0,29.7,22.4,11.3,8.6,8.6,2.7,2.5,6.5,2.0,1.2,1.2,3.3,7.3,
2025-02-14,Lab2101,1000.0,30.4,21.6,10.7,8.6,8.4,3.3,2.9,5.5,2.1,0.6,,5.9,8.8,
2025-02-13,EMG,1121.0,30.2,23.6,11.6,8.9,8.9,2.2,2.7,5.8,2.0,1.3,,2.8,6.6,
2025-02-14,Demos & Pi,1004.0,29.5,22.8,11.4,8.7,9.0,3.3,2.6,6.2,2.2,,,4.3,6.7,
2025-02-12,Piepoli,500.0,30.0,23.5,11.5,8.5,9.0,2.5,2.5,6.0,1.0,1.5,,4.0,6.5,
2025-02-07,Quorum,804.0,29.2,22.8,11.4,8.0,8.8,2.9,2.3,6.4,2.4,0.7,,5.1,6.4,
2025-02-10,SWG,1200.0,29.5,22.3,11.8,8.5,9.2,3.1,2.9,6.7,1.9,1.1,,3.0,7.2,
2025-02-07,Tecnè,1000.0,29.7,22.9,10.8,8.5,11.4,2.6,2.4,5.8,2.0,,,3.9,6.8,
2025-02-05,EMG,1135.0,30.6,24.0,11.3,8.9,8.6,2.2,2.7,6.0,1.8,1.4,,2.5,6.6,
2025-02-05,Eumetra,800.0,29.5,23.2,11.4,8.6,9.1,2.6,2.6,6.0,1.9,1.0,,4.1,6.3,
2025-02-03,Noto Sondaggi,1000.0,30.5,24.0,11.5,8.5,8.5,2.5,2.5,5.5,1.5,2.0,,3.0,6.5,
2025-02-03,SWG,1200.0,29.5,22.6,11.8,8.3,9.1,3.1,2.9,6.5,2.1,1.2,,2.9,6.9,
2025-01-30,Ipsos,1000.0,27.8,22.8,12.5,8.5,8.5,2.0,2.5,5.8,2.0,1.0,,6.6,5.0,
2025-01-29,Eumetra,800.0,29.6,23.0,11.3,8.5,9.3,3.0,2.5,6.2,1.9,1.2,,3.5,6.6,
2025-01-31,Lab2101,1000.0,30.8,21.4,10.7,8.7,8.4,3.2,2.9,5.8,2.4,0.6,,5.1,9.4,
2025-01-28,Demopolis,2000.0,30.0,24.0,11.2,8.7,9.3,2.5,2.2,6.5,1.6,,,4.0,6.0,
2025-01-27,SWG,1200.0,29.7,22.8,11.4,8.4,9.1,3.2,2.8,6.5,2.0,1.3,,2.8,7.1,
2025-01-24,Tecnè,1001.0,29.5,23.0,10.6,8.5,11.3,2.8,2.2,6.1,2.0,,,4.0,6.5,
2025-01-22,EMG,1013.0,30.7,24.1,11.1,9.0,8.4,2.1,2.6,6.1,1.7,1.4,,2.8,6.6,
2025-01-15,EMG,1165.0,30.4,23.9,10.8,8.9,8.6,2.7,2.0,6.3,1.7,1.3,,3.4,6.5,
2025-01-13,SWG,1200.0,29.8,22.2,11.6,8.3,9.1,3.3,2.7,6.6,2.0,1.0,,3.4,7.6,
2025-01-10,Quorum,1203.0,28.3,23.3,11.5,8.2,9.3,2.9,2.0,6.3,2.0,1.0,,5.2,5.0,
2025-01-10,Tecnè,1000.0,29.8,23.3,10.4,8.8,11.5,2.6,2.0,6.1,1.8,,,3.7,6.5,
2025-01-09,Termometro Politico,2600.0,29.4,23.1,11.0,8.6,8.2,2.6,2.3,6.5,1.8,1.2,1.4,3.9,6.4,
2025-01-08,Eumetra,800.0,28.6,23.0,11.5,8.8,9.4,2.7,2.3,6.3,2.2,1.0,,4.2,5.6,
2025-01-06,SWG,1200.0,29.1,22.5,11.4,8.6,9.4,3.3,2.5,6.5,2.1,1.1,,4.5,6.6,
2024-12-20,Tecnè,998.0,28.6,23.7,10.7,8.8,11.4,2.7,2.2,6.2,1.8,,,,3.9,
2024-12-23,SWG,1200.0,29.1,22.2,11.5,8.8,9.1,3.2,2.7,6.7,1.9,,1.2,1.0,2.6,
2024-12-20,Ipsos,1000.0,27.6,22.5,13.3,8.6,8.1,2.0,2.0,6.0,2.3,,1.0,1.0,5.6,
2024-12-19,Termometro Politico,2800.0,29.6,22.7,10.6,8.8,8.4,2.7,2.4,6.7,1.8,1.3,1.1,0.6,2.9,
2024-12-20,Winpoll,1500.0,28.2,25.6,10.8,9.3,7.3,2.7,2.4,7.6,2.4,1.6,,,2.1,
2024-12-16,SWG,1200.0,29.3,22.2,11.2,8.4,9.4,3.1,2.5,6.9,2.0,,1.1,1.0,2.9,
2024-12-13,Demopolis,2000.0,29.5,24.0,11.8,8.7,9.0,2.4,2.0,6.4,,,,,,
2024-12-13,Tecnè,1000.0,28.7,23.8,10.9,8.6,11.4,2.5,2.2,6.1,1.9,,,,3.9,
2024-12-12,Termometro Politico,2800.0,29.5,23.0,10.9,9.0,8.2,2.8,2.3,6.6,1.8,1.3,1.1,0.6,2.9,
2024-12-11,Eumetra,800.0,28.8,23.2,11.3,8.6,9.1,2.8,2.4,6.4,1.9,,1.1,,4.4,
2024-12-11,Ixè,1000.0,27.1,23.1,12.1,9.4,9.8,2.4,2.2,6.8,2.3,,,,4.8,
2024-12-06,Tecnè,1002.0,28.9,23.6,10.8,8.5,11.3,2.4,2.3,6.2,2.0,,,,4.0,
2024-12-09,SWG,1.2,28.8,22.4,11.5,8.7,9.2,3.2,2.4,6.9,2.0,,1.2,1.0,2.7,
2024-12-06,Quorum,1202.0,27.5,24.2,11.6,8.6,7.8,3.5,2.1,6.0,2.0,,1.1,,5.6,
2024-12-05,Termometro Politico,2900.0,29.5,22.8,10.6,8.8,8.4,2.9,2.4,6.7,1.8,1.4,1.0,0.6,3.1,
2024-12-05,BiDiMedia,1000.0,28.4,24.6,11.0,8.6,9.0,2.5,1.9,6.5,1.4,1.4,0.7,0.7,3.3,
2024-12-04,Eumetra,800.0,28.9,23.0,11.7,8.8,8.8,2.5,2.2,6.4,2.1,,1.2,,4.4,
2024-12-02,SWG,1200.0,29.1,22.4,11.7,8.9,9.0,2.9,2.5,6.7,2.0,,1.3,1.0,2.5,
2024-11-29,Tecnè,1000.0,29.1,23.4,10.7,8.6,11.4,2.5,2.2,6.1,2.1,,,,3.9,
2024-11-28,Ipsos,1000.0,27.7,22.6,13.0,8.7,8.0,2.2,2.0,6.2,2.2,,1.2,1.0,5.2,
2024-11-28,Termometro Politico,3100.0,29.3,23.0,10.6,8.6,8.5,2.9,2.4,6.6,1.8,1.4,1.2,0.6,3.2,
2024-11-28,Winpoll,1500.0,27.8,26.1,10.4,8.7,9.4,2.1,2.1,6.5,1.4,1.9,,,3.6,
2024-11-25,Euromedia,1000.0,29.5,24.2,11.5,9.0,8.9,2.5,2.2,5.5,2.6,,0.4,,3.7,
2024-11-22,Tecnè,1000.0,29.3,23.1,10.6,8.6,11.3,2.4,2.3,6.3,2.0,,,,4.1,
2024-11-21,Termometro Politico,3100.0,29.3,22.9,10.5,8.8,8.4,2.9,2.4,6.7,1.7,1.4,1.2,0.7,3.3,
2024-11-25,SWG,1200.0,29.4,22.6,11.2,8.7,8.9,2.7,2.6,6.8,1.9,,1.1,1.1,3.0,
2024-11-19,SWG,1200.0,29.6,22.1,11.2,9.0,8.9,2.5,2.5,6.9,2.0,1.2,1.0,1.0,1.9,
2024-11-15,Tecnè,1001.0,29.5,22.9,10.6,8.7,11.3,2.5,2.4,6.2,1.9,,,,4.0,
2024-11-15,Quorum,1202.0,28.3,23.2,11.9,9.0,8.7,3.0,2.1,6.1,1.9,,,,5.8,
2024-11-14,Termometro Politico,3100.0,29.6,22.8,10.2,8.7,8.6,2.8,2.3,6.7,1.7,1.5,1.2,0.6,3.3,
2024-11-12,Demopolis,2000.0,29.2,23.5,11.4,8.7,9.2,2.3,2.0,6.3,1.6,,,,1.5,
2024-11-11,SWG,1200.0,29.8,22.1,11.3,8.9,8.9,2.6,2.3,6.7,2.1,1.0,1.2,1.0,2.1,
2024-11-08,Tecnè,1000.0,29.5,22.8,10.7,8.6,11.3,2.5,2.4,6.1,2.0,,,,4.1,
2024-11-07,Termometro Politico,3200.0,29.7,22.7,10.0,8.8,8.4,3.0,2.3,6.7,1.8,1.4,1.2,0.7,3.3,
2024-11-04,Quorum,1204.0,28.8,22.7,11.9,8.9,9.1,2.4,2.2,6.3,2.2,,,,5.5,
2024-11-04,SWG,1200.0,29.4,22.3,11.6,8.8,8.9,2.6,2.4,6.5,2.0,1.0,1.1,1.1,2.3,
2024-10-31,Termometro Politico,3000.0,29.5,22.9,10.3,8.6,8.5,3.0,2.3,6.7,1.6,1.5,1.1,0.7,3.3,
2024-10-31,Tecnè,1001.0,29.6,23.1,10.6,8.4,11.3,2.6,2.3,6.2,1.9,,,,4.0,
2024-10-28,SWG,1200.0,29.7,22.5,11.6,8.6,8.8,2.4,2.2,6.7,1.9,1.0,1.2,1.1,2.3,
2024-10-26,Tecnè,1004.0,29.6,23.3,10.5,8.2,11.2,2.7,2.2,6.4,1.8,,,,4.1,
2024-10-24,Termometro Politico,3000.0,29.2,23.0,10.2,8.8,8.6,2.9,2.3,6.9,1.7,1.5,1.1,0.6,3.2,
2024-10-23,Eumetra,800.0,29.7,22.9,11.3,8.7,9.2,2.6,2.1,6.6,1.9,,1.0,,4.0,
2024-10-18,Tecnè,1000.0,29.6,23.4,10.4,8.1,11.2,2.9,2.1,6.5,1.7,,,,4.1,
2024-10-17,Termometro Politico,3000.0,29.4,22.9,10.3,8.7,8.6,3.0,2.2,6.8,1.6,1.5,1.0,0.6,3.4,
2024-10-16,Eumetra,800.0,29.6,22.8,11.3,8.6,9.1,2.7,2.2,6.6,1.8,,1.1,,4.2,
2024-10-14,Euromedia,1000.0,30.0,23.2,11.6,8.8,9.0,3.0,2.4,5.2,1.7,0.5,0.5,0.4,3.7,
2024-10-11,Tecnè,1000.0,29.5,23.6,10.2,8.1,11.2,2.8,2.0,6.6,1.8,,,,4.2,
2024-10-14,SWG,1200.0,29.3,22.3,11.7,8.6,9.0,2.7,2.3,6.8,1.8,1.1,1.1,1.3,2.0,
2024-10-10,Termometro Politico,2800.0,29.1,23.1,10.2,8.3,9.0,2.9,2.1,6.7,1.6,1.6,1.2,0.6,3.5,
2024-10-09,EMG,1523.0,29.3,22.2,12.0,8.2,8.5,2.8,2.5,7.1,2.1,,1.2,,4.1,
2024-10-09,Eumetra,800.0,29.5,23.1,11.0,8.6,8.9,2.9,2.1,6.5,1.8,,1.0,,4.6,
2024-10-07,SWG,1200.0,29.5,22.7,11.4,8.5,8.7,2.8,2.2,6.9,1.9,1.1,1.1,1.2,2.0,
2024-10-04,Tecnè,1000.0,29.4,23.7,10.5,8.0,11.1,3.0,2.0,6.5,1.7,,,,4.1,
2024-10-03,Termometro Politico,3200.0,29.2,22.8,10.2,8.5,8.8,3.0,2.2,6.7,1.8,1.6,1.0,0.6,3.6,
2024-10-02,Eumetra,800.0,29.9,23.0,11.2,8.7,8.8,3.2,2.4,6.2,1.6,,0.9,,4.3,
2024-09-27,Tecnè,1000.0,29.3,23.8,10.7,8.2,11.0,2.9,1.9,6.6,1.6,,,,4.0,
2024-09-30,SWG,1200.0,29.8,22.4,11.8,8.4,8.3,3.0,2.5,7.1,1.7,,1.0,1.2,2.8,
2024-09-26,Termometro Politico,3200.0,29.4,22.9,10.3,8.8,9.6,3.0,2.1,6.8,1.6,1.5,,0.9,3.1,
2024-09-25,Euromedia,800.0,30.3,23.5,10.5,9.2,9.0,3.4,2.4,5.0,1.5,0.8,0.8,0.4,3.7,
2024-09-25,Eumetra,800.0,29.7,22.9,11.7,8.4,9.1,3.0,2.5,6.6,1.6,,1.0,,3.5,
2024-09-20,Tecnè,1000.0,29.2,23.6,10.9,8.2,11.0,2.8,2.0,6.5,1.7,,,,4.1,
2024-09-23,SWG,1200.0,30.1,22.6,11.7,8.2,8.5,3.1,2.7,7.1,1.5,,1.0,1.0,2.5,
2024-09-19,Noto,,30.0,22.0,12.5,8.5,9.0,2.5,3.0,7.0,2.0,,,,2.0,
2024-09-19,Termometro Politico,3000.0,29.1,23.2,9.9,9.0,9.3,3.0,2.0,7.0,1.7,1.6,,0.9,3.3,
2024-09-18,Eumetra,803.0,30.0,23.0,11.8,8.5,9.1,3.0,2.4,6.5,1.8,,0.8,,3.1,
2024-09-16,SWG,1200.0,30.3,22.8,11.7,8.1,8.4,3.0,2.6,7.0,1.7,,,1.1,3.3,
2024-09-13,Tecnè,,29.0,23.6,10.7,8.3,10.9,2.9,1.9,6.7,1.8,,,,4.2,
2024-09-12,Termometro Politico,3100.0,29.2,23.5,10.0,8.7,9.5,3.0,2.0,6.8,1.7,1.8,,0.9,2.9,
2024-09-12,Ipsos,1000.0,27.5,21.6,13.9,8.2,9.0,2.5,2.5,6.0,2.0,,,1.0,5.8,
2024-09-11,Eumetra,800.0,30.1,23.1,11.2,8.3,9.5,3.0,2.3,6.7,1.8,,,,4.0,
2024-09-10,Euromedia,1000.0,29.7,23.9,10.3,8.9,8.8,3.3,2.5,5.4,1.8,1.0,0.6,0.7,3.1,
2024-09-11,Piepoli,500.0,28.5,22.5,11.5,8.5,8.5,3.0,2.0,6.0,2.0,,1.0,1.5,5.0,
2024-09-11,Ixè,1000.0,28.0,23.2,11.9,9.4,9.9,3.1,2.0,7.8,1.2,,,,3.5,
2024-09-07,BiDiMedia,1000.0,29.0,23.5,10.9,9.0,8.6,3.0,2.0,6.7,1.6,1.4,0.7,0.8,2.8,
2024-09-06,Tecnè,,28.9,23.8,10.5,8.2,10.7,2.9,2.0,6.5,2.0,,,,4.5,
2024-09-09,SWG,1200.0,30.2,22.5,11.5,8.3,8.5,3.2,2.6,7.2,1.7,1.1,,,3.2,
2024-09-02,SWG,1200.0,30.3,22.3,11.6,8.5,8.4,3.2,2.3,6.9,1.9,1.3,,,3.3,
2024-08-29,Quorum,1205.0,28.6,23.3,11.1,7.9,9.2,3.5,2.0,7.0,2.3,1.0,,,4.1,
2024-08-30,Tecnè,,29.1,24.0,10.8,8.3,10.8,2.8,2.0,6.2,1.6,,,,4.1,
2024-08-29,Termometro Politico,2900.0,29.5,23.8,9.9,8.6,9.1,3.1,2.1,7.0,1.6,1.9,,0.9,2.5,
2024-08-22,Termometro Politico,3200.0,29.3,23.7,10.1,8.5,9.0,3.2,2.1,7.0,1.7,1.8,,1.0,2.6,
2024-08-16,Lab2101,1000.0,28.9,23.0,11.0,9.3,9.0,3.4,2.6,5.4,2.0,,0.7,1.5,3.2,
2024-08-03,Lab2101,1000.0,28.7,23.2,10.9,9.2,9.1,3.3,2.6,5.5,2.1,,0.9,1.5,3.0,
2024-07-29,SWG,1200.0,29.8,22.7,11.4,8.3,8.3,3.2,2.4,6.7,2.0,1.5,,,3.7,
2024-07-26,Tecnè,1001.0,28.9,24.6,9.8,8.5,10.3,3.0,1.9,6.7,2.0,,,,4.1,
2024-07-25,Euromedia,,28.7,23.5,10.4,9.2,9.0,3.4,2.4,5.6,1.5,1.1,0.9,1.0,3.3,
2024-07-25,Termometro Politico,3000.0,29.6,24.0,9.7,8.3,9.4,3.1,2.0,6.9,1.7,2.0,,1.0,2.3,
2024-07-25,Ipsos,1000.0,27.9,22.6,13.0,8.0,8.7,3.0,2.3,6.4,,1.6,0.8,1.0,4.7,
2024-07-24,Piepoli,500.0,28.5,22.5,11.0,8.0,8.5,3.5,2.5,6.5,2.5,1.5,1.0,1.5,2.5,
2024-07-22,SWG,1200.0,30.0,22.8,11.1,8.5,8.3,3.4,2.4,6.9,1.8,1.4,,,3.4,
2024-07-21,Lab2101,1000.0,28.2,23.5,10.5,9.1,9.3,3.2,2.7,5.3,2.2,,0.7,1.4,3.9,
2024-07-19,Tecnè,1001.0,28.7,24.6,9.8,8.4,10.2,3.2,2.0,6.9,2.0,1.6,,,2.6,
2024-07-18,Quorum,1202.0,28.5,23.8,10.5,8.6,9.3,2.9,1.9,6.4,2.1,1.3,,1.2,3.5,
2024-07-18,Termometro Politico,3000.0,29.2,24.0,9.9,8.5,9.6,3.1,1.9,7.1,1.6,1.9,,1.0,2.2,
2024-07-15,SWG,1200.0,29.6,23.0,10.8,8.4,8.7,3.5,2.2,7.0,1.8,1.5,1.0,1.0,1.5,
2024-07-12,Tecnè,1005.0,28.7,24.5,9.7,8.5,10.0,3.1,1.9,6.8,2.2,1.9,,,2.7,
2024-07-11,Termometro Politico,3000.0,29.1,24.3,9.6,8.8,9.5,3.2,2.0,6.9,1.6,2.1,,1.0,1.9,
2024-07-08,SWG,1200.0,29.2,23.3,10.6,8.4,8.5,3.4,2.1,7.0,1.9,1.7,1.1,1.0,1.8,
2024-07-05,Tecnè,1000.0,28.7,24.6,9.6,8.7,10.0,3.2,1.9,6.7,2.0,2.1,,,2.5,
2024-07-04,Termometro Politico,3300.0,29.3,24.2,9.5,8.9,9.6,3.3,1.9,7.1,1.5,2.0,,0.9,1.8,
2024-07-01,SWG,1200.0,29.0,23.6,10.3,8.7,8.5,3.5,1.9,7.0,2.0,1.7,1.0,1.1,1.7,
2024-06-28,Tecnè,1000.0,28.8,24.5,9.6,8.8,9.8,3.4,1.7,6.8,2.1,2.2,,,2.3,
2024-06-27,Termometro Politico,3200.0,29.6,24.2,9.4,8.7,9.6,3.1,2.0,7.2,1.5,2.1,,1.1,1.5,
2024-06-26,Euromedia,1000.0,29.0,24.0,9.7,9.0,9.2,3.4,3.1,6.6,1.6,1.7,0.5,1.2,1.0,
2024-06-27,Quorum,805.0,29.2,24.0,9.6,8.1,9.0,3.7,2.1,6.8,2.0,2.5,,0.6,2.4,
2024-06-27,Ipsos,1000.0,28.1,22.8,12.5,8.8,8.5,2.5,2.5,6.2,1.5,,,1.1,5.5,
2024-06-25,Demopolis,2000.0,29.0,25.0,10.2,8.7,9.3,3.2,2.0,6.5,,,,,6.1,
2024-06-24,SWG,1200.0,29.0,23.5,10.0,8.8,8.7,3.4,1.7,7.1,2.2,2.0,1.0,1.2,1.4,
2024-06-21,Tecnè,1000.0,29.0,24.3,9.7,8.9,9.8,3.3,1.8,6.9,2.0,2.1,,,,
2024-06-17,SWG,1200.0,28.6,23.8,9.7,8.8,9.0,3.6,1.8,6.9,2.1,2.3,1.0,1.1,1.3,
2024-06-13,Termometro Politico,3500.0,29.4,24.4,9.6,8.6,9.8,3.2,2.0,7.1,1.6,2.0,,1.0,1.3,
2024-05-23,Demopolis,,27.0,22.0,14.5,8.8,8.7,4.2,3.7,4.3,2.2,,2.8,0.5,1.3,
2024-05-23,BiDiMedia,810.0,26.8,21.4,15.0,9.4,8.4,4.5,3.9,4.5,2.0,,2.5,0.5,1.1,
2024-05-23,Termometro Politico,3900.0,26.8,19.6,15.7,9.0,8.5,4.5,3.9,4.0,2.5,,1.8,1.0,2.7,
2024-05-22,Eumetra,800.0,27.1,21.0,16.2,8.7,8.9,4.5,3.8,4.2,2.2,,2.0,,1.4,
2024-05-22,Quorum,1604.0,27.2,20.3,15.9,9.0,8.5,4.1,3.9,4.9,1.9,,0.9,0.5,2.9,
2024-05-21,Ipsos,1000.0,26.5,22.5,15.4,8.6,9.2,4.1,4.6,4.6,2.0,,0.7,0.9,1.6,
2024-05-23,EMG,2000.0,26.9,20.9,15.7,9.3,7.9,4.5,3.7,4.2,,,,,7.1,
2024-05-21,Cluster17,1051.0,26.9,20.8,15.5,8.7,8.2,4.6,3.7,4.3,2.2,1.0,2.2,0.6,1.3,
2024-05-20,BiDiMedia,1190.0,27.1,21.2,15.2,9.1,8.3,4.6,4.0,4.4,2.0,,2.5,,1.6,
2024-05-23,Ixè,1000.0,26.3,20.9,15.5,8.3,8.8,4.0,4.0,4.1,2.3,,2.2,,3.6,
2024-05-20,Tecnè,,26.8,20.8,16.0,8.1,9.9,4.6,4.0,4.2,1.6,,2.0,,2.0,
2024-05-19,Lab2101,,27.7,19.5,15.9,9.3,7.8,4.8,4.0,4.4,,,3.3,,3.3,
2024-05-20,SWG,1200.0,27.0,21.0,15.7,8.3,8.4,4.4,4.2,4.6,2.4,,2.2,1.0,0.8,
2024-05-16,Ipsos,,26.4,22.3,16.3,8.6,9.5,4.1,3.3,4.6,1.6,,1.6,,1.7,
2024-05-18,Tecnè,,27.2,20.6,15.7,8.0,9.9,4.6,4.0,4.2,1.7,,2.1,,2.0,
2024-05-16,Termometro Politico,4300.0,27.2,19.6,15.9,8.8,8.4,4.9,3.9,3.8,2.5,,1.8,0.7,2.5,
2024-05-15,Euromedia,800.0,27.0,20.3,16.7,9.2,8.5,4.5,4.0,4.2,2.7,,2.0,,0.9,
2024-05-14,BiDiMedia,1000.0,27.4,21.0,15.5,8.6,8.2,4.7,4.0,4.3,1.9,,2.2,,2.2,
2024-05-13,SWG,1200.0,26.8,20.5,16.2,8.6,8.3,4.6,4.4,4.4,2.2,,2.4,,1.6,
2024-05-12,Quorum,,26.8,20.7,16.1,8.3,8.0,4.7,4.0,4.4,1.8,,1.0,,4.2,
2024-05-11,Tecnè,,27.4,20.5,15.7,7.9,10.1,4.5,3.9,4.1,,,2.2,,3.7,
2024-05-09,Termometro Politico,3900.0,27.0,19.6,16.2,8.8,8.6,4.9,3.8,3.9,,,1.9,,5.3,
2024-05-08,Eumetra,800.0,27.6,20.5,16.5,8.6,8.7,4.7,4.0,4.2,1.9,,2.1,,1.2,
2024-05-07,Demopolis,2000.0,27.2,20.7,15.0,8.5,8.6,4.6,3.7,4.3,2.2,,2.8,,2.0,
2024-05-06,SWG,1200.0,26.6,20.6,16.1,8.8,8.5,4.9,4.5,4.6,1.8,,2.3,,1.3,
2024-05-05,BiDiMedia,1000.0,27.7,20.8,15.7,8.8,8.1,4.9,4.0,4.3,1.6,0.9,2.0,,1.2,
2024-05-03,Quorum,800.0,27.3,20.5,16.0,8.3,8.3,4.5,3.8,4.4,1.9,,1.5,,3.5,
2024-05-03,Tecnè,4600.0,27.3,20.3,15.9,7.8,10.2,4.6,3.8,4.0,1.5,,2.1,,,
2024-05-02,Euromedia,4600.0,27.5,20.5,17.0,8.4,8.8,4.5,3.7,3.8,2.0,,1.8,,2.0,
2024-05-02,Termometro Politico,4600.0,27.3,19.8,15.9,8.6,8.4,4.9,4.0,3.6,2.5,1.7,1.7,,1.6,
2024-04-30,Eumetra,,27.6,20.3,16.0,8.4,8.6,4.5,4.0,4.2,1.9,1.2,2.3,,1.0,
2024-04-29,SWG,1200.0,26.6,20.3,15.6,8.6,8.4,4.5,4.2,4.5,2.0,1.2,2.1,,2.0 [ f ],
2024-04-26,Tecnè,1002.0,27.5,20.0,16.0,7.7,10.2,4.8,3.8,3.9,1.6,,2.2,,2.3,
2024-04-25,Termometro Politico,3800.0,27.6,19.6,16.0,8.4,8.5,5.1,3.9,3.5,2.4,1.9,1.6,,1.5,
2024-04-24,Euromedia,800.0,27.2,20.3,16.8,8.5,8.7,4.4,3.8,4.0,2.0,,2.5,,1.8,
2024-04-24,Eumetra,,27.9,20.1,16.2,8.3,8.4,4.4,3.9,4.0,1.7,1.2,2.2,,1.7,
2024-04-22,SWG,1200.0,26.8,20.0,15.9,8.5,8.4,4.7,4.1,4.3,2.1,1.4,2.2,,1.6,
2024-04-22,Quorum,,27.8,20.5,16.5,7.2,7.6,5.0,3.3,4.4,1.9,,1.6,,,
2024-04-21,EMG,,26.8,20.8,16.2,8.4,8.7,5.4,3.7,3.7,,,,,6.3,
2024-04-18,Demos,1005.0,28.0,20.2,16.4,8.5,8.0,4.1,4.0,4.2,,,,,6.6,
2024-04-18,Termometro Politico,4100.0,27.5,19.7,16.1,8.5,8.3,5.2,3.8,3.2,2.5,1.9,1.6,,1.7,
2024-04-17,Eumetra,,27.4,19.7,16.4,8.5,8.3,5.1,3.8,3.8,1.9,1.3,1.9,,2.0,
2024-04-15,SWG,1200.0,27.2,19.4,16.0,8.6,8.4,5.2,4.2,4.1,1.8,1.4,1.9,,1.8,
2024-04-13,Tecnè,,27.3,19.8,16.2,7.9,10.1,5.5,3.6,3.7,1.6,,2.0,,2.3,
2024-04-12,Ixè,1000.0,26.6,19.9,16.4,8.0,8.4,4.0,3.7,4.2,1.1,,1.3,,6.4 [ g ],
2024-04-11,Termometro Politico,3700.0,27.8,19.5,15.6,8.8,8.0,5.1,3.9,3.3,2.4,1.8,1.8,,2.4,
2024-04-09,Demopolis,2000.0,27.0,20.0,15.8,8.0,8.7,4.6,3.5,3.8,2.2,,2.1,,2.0,
2024-04-08,SWG,1200.0,26.9,19.8,15.6,8.8,7.8,5.3,4.0,3.9,1.6,1.4,1.5,,3.4 [ g ],
2024-04-08,Euromedia,800.0,26.9,19.7,17.6,8.7,8.5,4.4,3.8,3.7,1.8,,3.7,,1.2,
2024-04-05,Quorum,801.0,27.7,19.8,16.0,7.5,7.8,4.6,3.1,3.9,2.2,,1.6,,4.7,
2024-04-04,EMG,1000.0,27.2,20.2,16.7,7.8,9.0,6.2,3.2,3.3,1.2,,,,5.2 [ g ],
2024-04-04,Termometro Politico,4400.0,27.6,19.5,15.9,8.6,7.1,3.8,2.9,3.5,2.6,,2.1,1.6,1.0,8.1
2024-04-04,Piepoli,500.0,28.0,19.5,17.0,8.5,8.0,4.0,3.5,4.0,3.5,,,,1.5,8.5
2024-04-03,Eumetra,800.0,27.2,20.0,16.3,8.3,8.1,3.9,3.4,3.9,2.9,1.3,3.0,,0.9,7.2
2024-04-02,SWG,1200.0,26.7,20.1,15.8,8.5,7.6,4.1,3.4,4.1,2.9,,1.4,1.3,1.0,6.6
2024-03-29,Tecnè,803.0,27.5,20.5,15.6,7.8,9.4,3.6,3.2,4.0,3.0,,,,,7.5
2024-03-28,BiDiMedia,2000.0,27.1,20.2,16.6,8.3,7.1,4.4,,4.4,5.1,,1.5,1.3,0.8,6.9
2024-03-28,Termometro Politico,4000.0,27.5,19.5,16.0,9.0,7.2,3.8,2.8,3.2,2.4,,1.8,1.7,1.2,8.0
2024-03-25,SWG,1200.0,27.0,19.9,15.6,8.3,7.7,4.0,3.4,4.1,2.8,,1.6,1.6,1.1,7.1
2024-03-25,Ipsos,1000.0,27.5,20.5,16.1,8.0,8.7,2.5,3.3,3.3,2.8,1.5,1.5,1.2,0.7,7.0
2024-03-23,Tecnè,,27.4,20.5,15.6,7.8,9.4,3.8,3.3,4.2,2.8,,,,,6.9
2024-03-21,Demopolis,,28.2,20.3,15.6,8.0,7.8,3.2,,3.6,,,,,,7.9
2024-03-21,Termometro Politico,4200.0,27.8,19.3,15.8,9.0,7.3,3.8,3.0,3.4,2.6,,1.3,1.7,1.1,8.5
2024-03-20,Eumetra,800.0,27.2,19.7,16.1,8.1,8.0,3.7,3.3,4.1,,,,,,7.5
2024-03-18,SWG,1200.0,26.8,19.8,15.3,8.0,7.8,4.3,3.2,4.2,2.9,1.7,1.1,1.4,1.1,7.0
2024-03-15,Tecnè,,27.6,20.3,15.8,7.9,9.3,3.9,3.2,4.1,2.7,,,,,7.3
2024-03-14,Termometro Politico,3900.0,28.2,19.5,15.9,9.0,7.1,3.9,2.8,3.3,2.5,,1.3,1.7,1.0,8.7
2024-03-13,Eumetra,800.0,27.5,19.9,16.2,8.2,7.9,3.9,3.2,4.0,2.5,1.5,1.5,,1.0,7.6
2024-03-11,SWG,1200.0,27.1,20.2,15.4,8.1,7.6,4.5,3.1,4.1,2.7,1.5,1.4,1.3,1.0,6.9
2024-03-08,Tecnè,1001.0,27.8,20.2,16.1,7.9,9.2,4.1,3.1,4.0,2.6,,,,,7.6
2024-03-07,Termometro Politico,3900.0,28.5,19.5,16.1,9.1,6.8,3.9,2.8,3.3,2.4,,1.2,1.8,1.1,9.0
2024-03-06,Eumetra,800.0,27.7,19.6,16.4,8.1,7.9,3.7,3.2,3.8,2.5,1.7,1.4,,1.0,8.1
2024-03-05,Ipsos,1503.0,27.0,19.0,17.4,8.2,8.2,3.0,3.4,4.1,2.6,,,,,8.0
2024-03-04,SWG,1200.0,27.3,20.0,15.8,8.0,7.6,4.3,3.1,4.2,2.8,1.7,1.3,1.1,1.0,7.3
2024-03-01,Tecnè,1001.0,28.1,20.0,16.0,8.1,9.3,4.0,3.2,3.9,2.5,,,,,8.1
2024-03-01,Quorum,803.0,27.1,19.9,15.9,8.1,6.6,3.7,3.5,4.6,3.4,1.6,,,0.7,7.2
2024-02-29,Demopolis,2000.0,28.0,20.8,17.0,7.6,7.0,3.5,,3.7,,,,,,7.2
2024-02-29,Termometro Politico,4300.0,28.7,19.6,16.2,9.2,6.7,3.7,2.8,3.1,2.5,,1.3,1.7,1.1,9.1
2024-02-28,Eumetra,800.0,27.9,19.5,16.3,8.2,7.5,3.8,3.4,3.8,2.4,1.8,1.5,,0.9,8.4
2024-02-27,Piepoli,510.0,28.5,19.5,16.0,8.5,7.5,4.5,4.0,4.0,2.5,,,,1.5,9.0
2024-02-26,SWG,1200.0,27.7,20.0,15.6,8.1,7.1,4.4,3.3,4.2,2.6,1.7,1.4,1.2,,7.7
2024-02-23,Tecnè,,28.3,19.9,16.1,8.2,9.4,3.9,3.1,3.9,2.4,,,,,8.4
2024-02-22,Ipsos,1000.0,28.2,18.3,17.0,8.3,7.9,3.3,3.6,3.5,2.2,2.0,1.8,1.0,1.1,9.9
2024-02-22,Eumetra,800.0,28.2,19.8,16.1,8.2,7.2,4.1,3.2,3.9,2.4,1.5,1.3,,0.8,8.4
2024-02-22,Termometro Politico,3900.0,28.6,19.6,16.0,9.3,6.5,3.8,2.8,3.3,2.5,,1.4,1.8,1.1,9.9
2024-02-22,Stack Data Strategy,944.0,27.1,19.9,15.5,8.7,6.6,3.3,4.9,3.7,4.2,1.7,1.4,,0.9,7.3
2024-02-19,SWG,1200.0,28.2,20.1,15.3,8.0,7.1,4.2,3.3,4.3,2.4,1.5,1.4,1.3,,8.1
2024-02-19,Ixè,1000.0,28.1,19.0,15.8,8.8,7.8,3.7,3.0,4.3,2.6,1.7,,,1.4,9.1
2024-02-16,Tecnè,1000.0,28.4,20.0,16.0,8.2,9.2,3.8,3.0,3.9,2.4,,,,,8.4
2024-02-15,Proger Index,,28.5,19.7,16.5,8.2,7.1,4.3,3.3,4.0,2.5,1.4,,,1.4,8.8
2024-02-15,Termometro Politico,4100.0,28.8,19.7,16.0,9.3,6.7,3.8,2.7,3.2,2.4,,1.4,1.8,1.1,9.1
2024-02-14,Eumetra,800.0,28.0,19.6,16.3,8.3,7.1,4.1,3.1,3.7,2.6,1.6,1.3,,0.5,8.4
2024-02-13,Tecnè,1000.0,28.4,19.8,16.2,8.2,9.1,3.9,3.0,3.8,2.4,,,,,8.6
2024-02-12,Piepoli,504.0,29.0,19.5,16.0,8.5,7.0,4.5,3.5,4.0,3.0,,,,1.5,9.5
2024-02-12,SWG,1200.0,27.9,19.7,15.7,8.3,7.3,4.3,3.1,4.2,2.5,1.7,1.5,1.1,,8.2
2024-02-08,Tecnè,997.0,28.5,19.8,16.2,8.4,9.2,3.7,2.9,3.7,2.4,,,,,8.7
2024-02-08,Termometro Politico,3800.0,28.8,19.6,16.3,9.5,6.5,3.7,2.7,3.1,2.5,1.3,1.4,1.6,1.0,9.2
2024-02-08,Demos & Pi,1001.0,28.2,19.6,16.9,8.3,7.0,4.0,2.9,3.5,2.5,,,,,8.6
2024-02-05,Piepoli,510.0,29.5,20.0,16.5,9.0,7.0,4.0,3.5,4.0,2.5,,,,1.5,9.5
2024-02-05,SWG,1200.0,28.1,20.0,15.9,8.5,7.3,4.3,3.1,4.0,2.4,1.6,1.3,,,8.1
2024-02-02,Tecnè,1004.0,28.7,19.7,16.4,8.3,9.3,3.6,3.0,3.6,2.3,,,,,9.0
2024-01-31,Eumetra,800.0,28.5,19.7,16.8,8.5,7.4,4.3,3.1,3.6,2.5,1.4,1.2,,0.5,8.8
2024-01-29,Tecnè,998.0,28.8,19.6,16.5,8.4,9.3,3.5,3.0,3.6,2.3,,,,,9.2
2024-01-29,SWG,1200.0,28.5,19.5,15.9,8.7,7.2,4.3,3.3,3.9,2.5,1.4,1.3,,,9.0
2024-01-29,Ixè,1000.0,29.6,19.1,16.8,8.0,6.5,3.6,2.2,4.4,2.5,2.3,,,0.9,10.5
2024-01-27,BiDiMedia,1000.0,28.6,19.3,16.1,9.0,6.6,4.2,3.1,3.8,2.5,1.2,1.3,1.3,1.0,9.3
2024-01-26,Quorum,803.0,28.4,19.2,13.6,9.3,6.5,3.7,2.9,4.3,2.6,1.5,,,1.6,9.2
2024-01-26,Tecnè,1000.0,28.8,19.5,16.4,8.4,9.4,3.6,3.0,3.5,2.2,,,,,9.3
2024-01-25,Termometro Politico,4100.0,29.0,19.4,16.0,9.6,6.6,3.9,2.8,3.1,2.5,1.4,1.4,1.6,,9.6
2024-01-24,EMG,1501.0,27.3,18.7,17.0,8.1,8.3,3.5,4.2,3.9,2.7,,1.1,,1.2,8.6
2024-01-24,Eumetra,800.0,28.9,19.4,16.3,8.9,7.3,4.1,3.4,3.5,2.3,1.6,1.4,,0.7,9.5
2024-01-22,Tecnè,801.0,29.0,19.5,16.3,8.4,9.3,3.7,2.9,3.5,2.5,,,,,9.5
2024-01-22,SWG,1200.0,28.8,19.1,16.1,8.5,7.4,4.3,3.4,3.6,2.4,1.6,1.5,,1.0,9.7
2024-01-19,Piepoli,,30.0,19.0,16.5,8.5,7.0,3.5,4.0,3.0,3.0,1.5,,,1.5,11.0
2024-01-19,Tecnè,997.0,28.9,19.3,16.3,8.5,9.3,3.8,2.9,3.3,2.3,,,,,9.6
2024-01-18,Termometro Politico,4200.0,29.1,19.3,16.3,9.6,6.5,3.8,2.8,3.1,2.6,1.3,1.4,1.5,,9.8
2024-01-18,Ipsos,1000.0,29.0,19.7,16.2,8.7,7.0,3.3,3.0,4.2,2.1,1.7,1.4,1.3,1.1,9.3
2024-01-17,Eumetra,800.0,28.9,19.2,16.5,9.2,7.2,4.1,3.5,3.3,2.4,1.6,1.3,,0.7,9.7
2024-01-16,Tecnè,1000.0,28.8,19.4,16.1,8.5,9.4,3.8,3.0,3.5,2.3,,,,,9.4
2024-01-15,Tecnè,800.0,28.9,19.3,16.2,8.5,9.4,3.8,3.0,3.4,2.4,,,,,9.6
2024-01-15,SWG,1200.0,29.0,19.4,16.1,8.8,7.2,4.0,3.5,3.4,2.3,1.6,1.4,,1.0,9.6
2024-01-12,Piepoli,,29.5,19.0,16.5,9.0,7.5,4.0,3.5,3.0,2.5,1.5,,,1.5,10.5
2024-01-12,Tecnè,997.0,28.8,19.2,16.1,8.4,9.3,3.9,2.8,3.5,2.5,,,,,9.6
2024-01-11,Termometro Politico,3800.0,29.5,19.4,16.0,9.5,6.3,3.9,2.7,3.0,2.5,1.7,1.5,1.5,,10.1
2024-01-11,Lab2101,1000.0,28.9,19.7,16.3,10.1,6.0,3.9,3.1,4.2,2.5,2.0,,,0.7,9.2
2024-01-10,Proger Index,800.0,29.8,19.2,16.8,8.6,6.9,3.9,3.4,3.5,2.4,1.3,,,1.4,10.6
2024-01-10,Eumetra,800.0,29.3,19.2,16.3,9.5,7.2,4.1,3.2,3.1,2.5,1.5,,,1.0,10.1
2024-01-09,Euromedia,1000.0,28.3,19.1,16.7,9.4,7.3,4.2,3.6,3.4,2.6,1.7,,,0.5,9.2
2024-01-08,Tecnè,801.0,28.7,19.2,16.3,8.3,9.3,3.9,2.9,3.5,2.5,,,,,9.5
2024-01-08,SWG,1200.0,29.2,19.1,16.4,9.1,7.3,4.0,3.5,3.2,2.4,1.4,1.2,,1.2,10.1
2024-01-04,Lab2101,1000.0,29.2,19.6,16.2,10.3,5.9,3.9,3.0,4.3,2.6,1.9,,,0.7,9.6
2024-01-02,Tecnè,791.0,28.8,19.0,16.5,8.3,9.4,3.8,3.0,3.5,2.4,,,,,9.8
2023-12-29,Termometro Politico,3600.0,29.1,19.2,16.1,9.7,6.4,4.0,2.6,3.1,2.6,2.0,1.5,1.4,,9.9
2023-12-23,Lab2101,1000.0,29.5,19.5,16.1,10.4,5.7,3.7,2.9,4.2,2.5,2.3,,,0.6,10.0
2023-12-21,Termometro Politico,3800.0,29.3,19.4,16.3,9.7,6.1,3.8,2.6,3.0,2.6,2.0,1.5,1.4,,9.9
2023-12-20,Euromedia,1000.0,28.5,19.5,16.5,9.3,7.5,4.1,3.2,3.6,2.5,1.3,,,0.5,9.0
2023-12-18,SWG,1200.0,28.5,19.4,16.8,9.1,7.2,3.7,3.4,3.4,2.6,1.7,1.4,,1.3,9.1
2023-12-15,Tecnè,997.0,28.5,19.4,16.0,8.4,9.8,4.1,2.9,3.5,2.5,,,,,9.1
2023-12-15,Ixè,1000.0,29.3,18.9,17.6,8.1,6.8,4.0,2.1,3.7,2.7,2.1,,,1.0,10.4
2023-12-14,Quorum,805.0,28.5,19.6,13.4,10.0,5.9,4.0,2.9,4.0,2.2,1.6,,,2.0,8.9
2023-12-14,Termometro Politico,3900.0,29.6,19.3,16.0,9.6,6.3,3.7,2.6,3.2,2.6,1.9,1.5,1.5,,10.3
2023-12-14,Ipsos,1000.0,29.3,19.0,17.2,8.0,6.8,3.2,3.5,4.0,2.4,1.4,1.4,1.0,1.0,10.3
2023-12-14,Lab2101,1000.0,29.3,19.7,16.3,10.6,5.6,3.7,3.0,4.1,2.6,2.5,,,0.7,9.6
2023-12-13,Euromedia,800.0,28.3,19.2,16.8,9.0,7.7,4.2,3.1,3.5,2.6,1.5,,,0.4,9.1
2023-12-13,BiDiMedia,1000.0,28.5,19.7,15.3,8.7,6.8,4.4,2.9,3.3,2.7,1.6,1.3,1.3,0.8,8.8
2023-12-13,Eumetra,800.0,28.6,19.5,16.1,9.5,7.3,3.8,3.1,3.4,2.5,1.9,,,1.1,9.1
2023-12-11,Tecnè,998.0,28.5,19.2,16.0,8.3,9.9,4.1,3.1,3.5,2.4,,,,,9.3
2023-12-11,SWG,1200.0,28.2,19.6,16.4,9.4,7.2,3.6,3.2,3.3,2.6,1.9,1.6,,1.2,8.6
2023-12-08,EMG,1000.0,27.5,18.8,17.0,8.0,8.5,4.0,4.0,3.0,2.5,2.5,1.5,,1.0,8.8
2023-12-07,Demopolis,1500.0,28.5,19.8,16.0,9.5,7.3,3.8,3.0,3.5,,,,,,8.7
2023-12-07,Quorum,805.0,28.9,19.3,13.5,9.9,6.2,4.1,3.2,3.7,2.2,1.8,,,1.8,9.6
2023-12-07,Tecnè,1000.0,28.7,19.2,15.9,8.5,9.9,4.0,3.1,3.4,2.6,,,,,9.5
2023-12-07,Lab2101,1000.0,29.1,19.8,16.2,10.5,5.6,3.8,2.9,4.2,2.5,2.5,,,0.8,9.3
2023-12-06,Tecnè,802.0,28.6,19.4,16.1,8.5,9.9,3.9,3.3,3.0,2.5,,,,,9.2
2023-12-06,Eumetra,800.0,28.5,19.3,16.0,9.4,7.5,3.9,3.1,3.4,2.6,1.8,,,1.0,9.2
2023-12-04,SWG,1200.0,28.1,19.3,16.7,9.2,7.3,3.8,3.2,3.4,2.7,1.8,1.4,,1.0,8.8
2023-12-01,Tecnè,1000.0,28.8,19.4,16.1,8.6,9.9,3.8,3.0,3.3,2.5,,,,,9.4
2023-11-30,Proger Index,800.0,29.4,19.4,16.8,9.2,6.7,4.0,3.1,3.8,2.5,1.6,,,,10.0
2023-11-30,Quorum,803.0,29.2,19.0,13.8,9.8,6.3,3.7,3.1,3.4,2.5,1.8,,,1.7,10.2
2023-11-30,Termometro Politico,4000.0,29.6,19.3,16.2,9.5,6.3,3.8,2.7,3.0,2.5,1.9,1.6,1.5,,10.3
2023-11-30,Lab2101,1000.0,29.2,19.9,16.1,10.6,5.7,3.9,3.0,4.3,2.4,2.4,,,0.6,9.3
2023-11-29,Eumetra,800.0,28.5,19.2,16.5,9.3,7.4,3.9,3.2,3.5,2.5,1.8,,,1.0,9.3
2023-11-27,SWG,1200.0,28.6,19.4,16.4,9.4,7.0,3.8,3.3,3.6,2.6,1.6,1.4,,1.1,9.2
2023-11-24,Tecnè,1001.0,28.6,19.4,16.4,8.6,10.0,3.9,3.1,3.2,2.4,,,,,9.2
2023-11-23,Proger Index,800.0,29.7,19.4,16.6,9.3,6.5,4.0,3.0,3.7,2.6,1.7,,,,10.3
2023-11-23,Quorum,801.0,30.1,19.0,13.6,9.6,6.1,3.9,2.4,3.4,2.3,1.8,,,1.9,11.1
2023-11-23,Termometro Politico,3600.0,29.5,19.6,16.0,9.7,6.4,3.7,2.5,3.1,2.5,2.0,1.5,1.5,,9.9
2023-11-23,BiDiMedia,1100.0,28.3,19.6,15.6,9.5,6.4,4.1,2.9,3.3,2.5,1.9,1.4,1.1,0.7,8.7
2023-11-23,Lab2101,1000.0,29.2,19.8,16.3,10.7,5.7,3.7,3.1,4.3,2.5,2.4,,,0.6,9.4
2023-11-22,Eumetra,800.0,28.7,19.2,16.6,9.3,7.3,3.9,2.9,3.4,2.7,2.1,,,0.9,9.5
2023-11-20,SWG,1200.0,29.0,19.4,16.6,9.6,6.9,3.7,3.1,3.5,2.8,1.7,1.2,,1.0,9.6
2023-11-17,Tecnè,1001.0,28.5,19.8,16.1,8.5,9.9,4.0,3.0,3.2,2.4,,,,,8.7
2023-11-16,Euromedia,800.0,28.5,18.9,16.8,8.8,7.8,4.4,3.0,3.4,2.5,2.6,,,0.6,9.6
2023-11-16,Proger Index,800.0,29.8,19.8,16.3,9.5,6.1,4.1,2.7,3.9,2.6,1.8,,,,10.0
2023-11-16,Termometro Politico,3900.0,29.2,19.5,16.2,9.6,6.6,3.7,2.6,3.0,2.3,2.2,1.6,1.5,,9.7
2023-11-16,Winpoll,1500.0,27.7,21.0,15.8,8.4,7.6,4.0,2.8,3.7,2.3,1.4,0.6,,,6.7
2023-11-16,Lab2101,1000.0,29.1,19.7,16.4,10.8,5.6,3.6,3.2,4.2,2.4,2.5,,,0.5,9.4
2023-11-15,Eumetra,800.0,28.6,19.3,16.5,9.2,7.2,3.8,3.1,3.5,2.6,2.0,,,1.1,9.3
2023-11-13,SWG,1200.0,29.1,19.7,16.2,9.4,6.7,3.9,3.0,3.6,2.5,1.9,1.2,,1.1,9.4
2023-11-10,Tecnè,1000.0,28.6,19.4,16.3,8.7,10.0,3.8,3.0,3.3,2.4,,,,,9.2
2023-11-09,Quorum,804.0,29.5,19.6,13.7,9.3,5.5,4.4,2.5,3.3,2.5,2.3,,,1.9,9.9
2023-11-09,Ipsos,1000.0,28.5,18.0,17.0,9.2,7.8,3.1,3.5,3.5,2.6,2.0,1.2,1.2,1.1,10.5
2023-11-09,Demos & Pi,1006.0,28.4,20.3,16.7,7.7,7.2,3.2,3.0,3.5,2.8,,,,,8.1
2023-11-08,Eumetra,800.0,28.8,19.5,16.6,9.4,6.9,4.0,2.9,3.4,2.4,1.9,,,0.9,9.3
2023-11-08,Lab2101,1000.0,29.2,19.5,16.6,10.7,5.7,3.7,3.5,4.1,2.5,2.6,,,0.4,9.7
2023-11-07,Noto,,28.5,20.0,17.5,9.5,7.0,3.5,3.0,3.5,2.0,,,,1.5,8.5
2023-11-06,SWG,1200.0,29.2,20.0,16.4,9.8,6.4,4.0,2.8,3.6,2.4,1.6,1.3,,1.0,9.2
2023-11-04,BiDiMedia,1000.0,29.1,19.3,16.0,9.5,6.3,4.0,2.7,3.2,2.5,1.7,1.2,1.0,0.8,9.8
2023-11-03,Tecnè,1000.0,28.7,19.6,16.0,9.0,10.1,3.7,2.8,3.2,2.3,,,,,9.1
2023-11-03,Ixè,1000.0,29.7,19.4,16.9,8.1,7.0,3.4,2.5,3.8,2.1,2.0,,,0.9,10.3
2023-11-02,Euromedia,800.0,28.0,19.0,17.0,8.4,7.9,4.2,3.3,3.5,2.5,2.5,,,0.5,9.0
2023-11-02,Quorum,802.0,29.5,19.2,14.2,9.5,6.0,4.2,2.6,3.2,2.4,2.2,,,1.8,10.3
2023-11-02,Lab2101,1000.0,29.4,19.3,16.7,10.6,5.5,3.9,3.4,4.0,2.4,2.5,,,0.5,10.1
2023-11-01,Eumetra,800.0,28.9,19.9,16.2,9.7,6.5,3.7,2.9,3.4,2.2,2.0,,,1.0,9.0
2023-10-30,SWG,1200.0,29.0,20.2,16.1,10.2,6.2,3.7,2.8,3.5,2.2,1.8,1.4,,1.0,8.8
2023-10-27,Proger Index,800.0,29.8,19.5,16.7,10.0,6.1,4.2,2.6,3.7,2.6,1.7,,,,10.3
2023-10-27,EMG,,27.7,19.2,16.3,9.0,7.9,3.8,4.0,3.0,2.5,2.8,1.0,,1.3,8.5
2023-10-27,Tecnè,1000.0,28.7,19.8,16.2,9.2,10.0,3.6,2.5,3.2,2.2,,,,,8.9
2023-10-26,Euromedia,800.0,28.5,19.2,16.9,8.0,7.7,4.2,3.2,3.3,2.5,2.4,,,0.5,9.3
2023-10-26,Quorum,802.0,29.4,19.5,14.4,9.2,5.9,4.5,2.8,3.3,2.3,2.3,,,1.5,9.9
2023-10-25,Eumetra,800.0,28.6,19.6,16.5,9.6,6.8,3.9,2.8,3.4,2.4,2.0,,,0.8,9.0
2023-10-25,Lab2101,1000.0,29.6,19.2,16.6,11.1,5.5,3.8,3.4,3.9,2.5,2.3,,,0.6,10.4
2023-10-23,Euromedia,800.0,29.0,19.5,16.8,8.5,7.3,4.0,3.1,2.8,2.5,2.3,,,0.5,9.5
2023-10-23,SWG,1200.0,28.7,19.8,16.4,10.2,6.3,3.9,2.7,3.5,2.4,1.6,1.5,,1.0,8.9
2023-10-20,Tecnè,1000.0,29.0,19.7,16.1,9.3,10.0,3.5,2.4,3.3,2.1,,,,,9.3
2023-10-20,Termometro Politico,4000.0,29.7,19.2,16.0,9.8,6.1,3.7,2.5,2.8,2.6,2.3,1.7,1.6,,10.5
2023-10-20,Quorum,800.0,29.8,19.9,14.5,9.0,6.1,4.2,2.9,3.4,2.2,2.1,,,1.2,9.9
2023-10-19,Euromedia,800.0,28.4,19.3,17.1,8.8,7.0,4.0,3.1,3.0,2.6,2.3,,,0.6,9.1
2023-10-19,Proger Index,800.0,29.6,19.6,17.0,10.1,6.0,4.1,2.5,3.8,2.5,1.7,,,,10.0
2023-10-19,Lab2101,1000.0,29.3,19.3,16.4,11.2,5.8,3.6,3.4,4.0,2.4,2.5,,,0.5,10.0
2023-10-18,EMG,,27.2,19.0,16.0,9.5,7.6,4.1,4.2,3.3,2.6,2.7,1.0,,1.2,8.2
2023-10-18,Demopolis,2000.0,29.0,20.0,16.2,9.8,6.5,3.7,,3.4,,,,,,9.0
2023-10-18,Eumetra,800.0,28.3,19.4,16.3,9.7,7.0,4.1,2.8,3.7,2.5,1.8,,,1.1,8.9
2023-10-17,Noto,,28.0,19.5,17.5,10.5,7.5,3.0,3.0,3.0,2.0,,,,1.5,8.5
2023-10-17,Piepoli,,29.0,20.0,16.0,8.5,6.0,4.0,3.5,4.0,2.5,2.0,,,1.5,9.0
2023-10-17,Quorum,803.0,30.0,19.9,14.4,8.8,6.3,3.8,3.1,3.6,2.2,2.3,,,1.3,10.1
2023-10-16,SWG,1200.0,28.4,19.6,16.1,10.2,6.4,4.0,2.5,3.6,2.5,1.8,1.4,,1.0,8.8
2023-10-13,Tecnè,1000.0,28.8,19.6,16.3,9.2,10.1,3.6,2.3,3.2,2.2,,,,,9.2
2023-10-12,Quorum,802.0,29.6,19.7,14.9,9.3,6.3,3.6,2.7,3.7,2.2,2.2,,,0.9,9.9
2023-10-12,Termometro Politico,3800.0,29.8,19.0,16.3,9.6,6.4,3.6,2.6,2.9,2.6,2.3,1.5,1.5,,10.8
2023-10-11,Eumetra,800.0,28.4,19.6,16.6,9.8,7.0,3.8,2.9,3.5,2.3,1.8,,,0.9,8.8
2023-10-11,Lab2101,1000.0,29.3,19.4,16.6,11.1,5.9,3.7,3.4,3.9,2.3,2.6,,,0.4,9.9
2023-10-09,SWG,1200.0,28.7,19.8,16.5,10.3,6.4,3.7,2.5,3.3,2.4,1.7,1.6,,,8.9
2023-10-06,Piepoli,,28.5,20.0,16.5,9.5,6.0,3.5,3.0,4.0,2.5,2.0,,,1.5,8.5
2023-10-06,Tecnè,1000.0,28.7,19.4,16.5,9.0,10.2,3.7,2.3,3.3,2.3,,,,,9.3
2023-10-05,Quorum,802.0,29.7,19.5,15.2,9.3,6.0,3.7,3.0,4.2,2.3,2.3,,,0.7,10.2
2023-10-05,Ipsos,1000.0,29.8,18.5,16.9,10.1,7.0,3.2,3.0,3.4,2.0,2.0,1.4,0.9,1.1,11.3
2023-10-05,Lab2101,1000.0,29.1,19.6,16.8,10.9,6.1,3.8,3.3,3.7,2.3,2.6,,,0.4,9.5
2023-10-04,Proger Index,800.0,29.8,20.0,16.8,9.8,5.9,4.0,2.5,3.7,2.6,1.9,,,,9.8
2023-10-04,EMG,,27.4,20.1,15.6,9.3,6.6,4.7,4.1,3.0,2.7,2.9,0.9,,1.4,7.3
2023-10-03,Winpoll,1000.0,27.3,20.8,15.4,8.9,8.0,4.2,2.6,3.9,2.1,1.2,0.7,,,6.5
2023-10-03,Ixè,1000.0,29.9,20.6,16.6,8.5,6.8,3.9,2.1,3.6,2.7,2.1,,,0.9,9.3
2023-10-02,Euromedia,800.0,28.0,19.4,17.0,9.6,6.9,4.1,3.3,3.0,2.5,2.4,,,0.6,8.6
2023-10-02,Tecnè,1005.0,28.6,19.4,16.4,9.1,10.1,3.7,2.3,3.3,2.2,,,,,9.2
2023-10-02,SWG,1200.0,29.1,19.5,16.7,9.8,6.5,3.9,2.4,3.4,2.6,1.8,1.5,,,9.6
2023-09-29,Tecnè,1001.0,28.5,19.3,16.6,9.0,10.1,3.6,2.4,3.3,2.4,,,,,9.2
2023-09-29,Termometro Politico,4000.0,29.7,19.3,16.5,9.5,6.3,3.5,2.4,3.0,2.4,2.5,1.5,1.5,,10.4
2023-09-28,Lab2101,1000.0,28.9,19.5,16.7,10.8,6.3,3.8,3.2,3.8,2.2,2.6,,,0.5,9.4
2023-09-27,EMG,,27.2,20.0,15.9,9.6,6.4,4.6,4.0,2.8,2.7,2.8,1.1,,1.5,7.2
2023-09-27,Eumetra,800.0,28.9,19.7,16.8,9.8,6.7,3.9,2.9,3.4,2.5,1.6,,,0.7,9.2
2023-09-26,Piepoli,508.0,29.0,19.5,16.5,9.5,6.0,4.0,2.5,4.0,2.0,2.0,,,1.5,9.5
2023-09-25,Tecnè,1000.0,28.4,19.3,16.6,9.1,10.0,3.6,2.4,3.5,2.3,,,,,9.1
2023-09-25,SWG,1200.0,28.7,19.8,16.9,10.1,6.5,3.8,2.7,3.2,2.6,1.6,1.6,,,8.9
2023-09-22,Tecnè,1000.0,28.4,19.4,16.4,9.0,10.1,3.7,2.3,3.4,2.4,,,,,9.0
2023-09-21,Piepoli,,29.0,20.0,16.0,9.5,6.0,4.0,2.5,3.5,2.5,2.0,,,1.5,9.0
2023-09-21,Quorum,802.0,30.7,19.3,15.4,8.4,6.1,3.9,3.4,4.4,2.0,1.8,,,0.9,11.4
2023-09-21,Lab2101,1000.0,28.8,19.7,16.6,10.9,6.5,3.6,3.0,3.9,2.3,2.5,,,0.4,9.1
2023-09-20,EMG,1274.0,27.5,20.0,15.9,9.3,6.5,4.6,3.9,2.6,2.4,2.9,1.0,,1.5,7.5
2023-09-20,Termometro Politico,4000.0,29.5,19.6,16.1,9.3,6.6,3.6,2.5,2.8,2.5,2.7,1.5,1.5,,9.9
2023-09-20,Demos & Pi,1010.0,28.6,20.4,17.2,7.8,6.6,4.0,2.4,3.6,2.6,,,,,8.2
2023-09-19,Noto,,27.5,19.0,17.0,10.5,7.0,3.0,3.0,3.0,2.0,,,,1.5,8.5
2023-09-19,Euromedia,1000.0,27.6,19.2,16.6,10.4,7.0,4.1,3.0,2.8,2.5,1.8,,,0.7,8.4
2023-09-18,SWG,1200.0,28.8,19.8,17.2,9.8,6.3,3.7,2.8,3.4,2.4,1.8,1.7,,,9.0
2023-09-15,Tecné,1002.0,28.2,19.8,16.1,9.0,10.1,3.8,2.2,3.5,2.5,,,,,8.4
2023-09-14,Termometro Politico,4200.0,29.2,19.5,16.0,9.5,6.9,3.5,2.6,2.9,2.5,2.7,1.5,1.5,,9.7
2023-09-14,Ixè,1000.0,30.4,20.8,17.1,7.4,5.9,3.6,2.7,4.4,1.8,2.0,,,1.4,9.6
2023-09-13,Quorum,802.0,31.2,19.1,15.2,8.0,5.9,3.9,3.5,4.5,2.0,1.9,,,1.0,12.1
2023-09-13,EMG,1260.0,27.3,20.1,16.2,9.0,6.8,4.6,3.8,2.6,2.4,2.7,1.1,,1.5,7.2
2023-09-13,Lab2101,1000.0,29.0,20.0,16.3,10.7,6.8,3.8,2.8,3.8,2.4,2.3,,,0.5,9.0
2023-09-11,Euromedia,800.0,27.7,19.3,16.9,10.6,7.0,4.0,3.2,2.7,2.6,2.0,,,0.5,8.4
2023-09-11,Tecné,1000.0,28.2,20.1,16.0,9.0,10.0,3.8,2.3,3.6,2.3,,,,,8.1
2023-09-11,SWG,1200.0,28.5,19.7,17.4,9.6,6.4,3.8,2.6,3.3,2.7,1.9,1.7,,,8.8
2023-09-08,Piepoli,,29.0,19.5,16.0,9.0,7.0,3.5,2.5,3.5,2.5,2.0,,,1.5,8.8
2023-09-08,Tecné,1003.0,28.4,20.1,15.8,8.8,10.2,3.7,2.4,3.6,2.4,,,,,8.3
2023-09-07,Quorum,800.0,31.7,19.5,15.0,7.6,5.7,3.3,3.3,4.1,2.3,2.0,,,1.1,12.2
2023-09-07,Ipsos,1000.0,30.2,19.5,16.4,8.1,6.6,3.5,3.3,3.7,2.2,2.2,1.1,1.0,1.0,10.7
2023-09-07,Termometro Politico,3100.0,29.1,19.4,16.1,9.4,7.1,3.3,2.7,3.0,2.4,2.6,1.4,1.6,,9.7
2023-09-07,Lab2101,1000.0,29.1,20.1,16.1,10.6,7.0,3.7,2.8,3.7,2.5,2.4,,,0.4,9.0
2023-09-04,Tecné,1005.0,28.3,20.3,15.6,8.9,10.1,3.6,2.5,3.5,2.5,,,,,8.0
2023-09-04,SWG,1200.0,28.2,20.1,16.9,9.4,6.4,3.5,2.8,3.3,2.6,2.2,1.9,,,8.1
2023-09-01,Tecné,1003.0,28.5,20.3,15.5,8.9,10.2,3.6,2.6,3.5,2.5,,,,,8.2
2023-09-01,Lab2101,1000.0,29.0,20.2,16.0,10.6,7.1,3.8,2.9,3.6,2.5,2.3,,,0.6,8.8
2023-08-31,Euromedia,1000.0,26.5,20.3,16.5,10.5,7.4,4.1,3.8,2.5,2.5,1.9,,,0.5,6.2
2023-08-31,Quorum,800.0,31.2,19.0,15.2,8.3,5.8,4.1,2.5,3.7,2.0,2.2,,,1.3,12.2
2023-08-30,BiDiMedia,1005.0,29.1,20.2,15.8,9.3,6.4,3.8,2.6,3.2,2.8,1.8,1.4,1.0,0.7,8.9
2023-08-24,Termometro Politico,3200.0,28.9,19.6,16.3,9.5,6.9,3.5,2.6,2.8,2.6,2.5,1.4,1.5,,9.3
2023-08-20,Lab2101,2000.0,29.1,20.0,15.9,10.4,7.3,3.9,2.7,3.7,2.8,2.4,,,0.5,9.1
2023-08-17,Lab2101,1000.0,29.2,20.1,15.9,10.3,7.1,3.8,2.6,3.6,2.7,2.4,,,0.6,9.1
2023-08-09,Lab2101,1000.0,29.4,20.2,15.8,10.2,7.3,3.9,2.7,3.4,2.6,2.6,,,0.7,9.2
2023-08-05,Piepoli,,29.5,19.5,15.5,9.0,7.5,3.5,2.5,3.5,2.5,2.0,,,1.5,10.0
2023-08-02,Demopolis,1500.0,28.8,20.2,15.9,9.3,7.0,3.4,,3.0,,,,,0.7,8.6
2023-07-31,SWG,1200.0,29.4,20.0,16.3,9.7,7.2,3.4,2.5,3.0,2.4,2.2,1.7,,,9.4
2023-07-28,Tecnè,997.0,29.2,20.0,15.5,8.7,10.9,3.5,2.5,3.4,2.2,,,,,9.2
2023-07-28,Lab2101,1000.0,29.1,20.3,15.9,9.6,7.2,4.2,2.8,3.6,2.7,2.5,,,0.5,8.8
2023-07-27,Termometro Politico,3800.0,29.2,19.7,16.2,9.1,7.3,3.6,2.5,3.0,2.4,2.3,1.5,1.5,,9.5
2023-07-27,Ipsos,1000.0,30.4,19.3,16.3,8.4,6.0,3.9,3.0,4.1,2.7,1.7,1.1,0.8,1.2,11.1
2023-07-26,Euromedia,1000.0,27.2,20.8,16.0,9.8,7.3,4.3,4.0,2.5,2.2,2.2,,,0.5,6.4
2023-07-25,BiDiMedia,1000.0,28.2,20.1,15.5,9.2,7.4,3.4,2.8,3.2,2.5,1.9,1.4,1.1,0.7,8.1
2023-07-24,SWG,1200.0,29.2,19.6,16.0,9.6,7.2,3.6,2.7,3.2,2.5,2.1,1.8,,,9.6
2023-07-21,AnalisiPolitica,1000.0,29.1,20.2,15.8,9.1,7.8,3.8,2.8,2.4,,,,,,8.9
2023-07-21,Tecnè,1000.0,28.8,20.2,15.4,8.7,11.1,3.4,2.6,3.3,2.3,,,,,8.6
2023-07-20,Quorum,802.0,29.6,19.4,15.5,8.9,6.0,3.6,2.9,3.9,2.9,2.1,,,1.1,10.2
2023-07-20,Termometro Politico,3700.0,28.9,19.5,16.0,9.4,7.5,3.8,2.3,2.9,2.6,2.5,1.4,1.4,,9.4
2023-07-20,Lab2101,1000.0,29.2,20.4,15.8,9.4,7.5,4.3,2.9,3.7,2.6,2.4,,,0.6,8.8
2023-07-19,Euromedia,1000.0,27.2,21.0,16.5,10.1,7.1,4.1,4.0,2.3,2.0,1.7,,,0.5,6.2
2023-07-17,SWG,1200.0,28.7,20.0,15.9,9.8,7.5,3.4,2.9,3.1,2.6,2.2,1.8,,,8.7
2023-07-14,Piepoli,,29.0,20.0,15.5,9.0,7.5,3.5,3.0,3.0,2.0,2.5,,,1.5,9.0
2023-07-14,Tecnè,998.0,29.0,20.1,15.5,8.7,11.0,3.5,2.5,3.2,2.4,,,,,8.9
2023-07-14,Lab2101,1000.0,29.6,20.1,15.3,9.1,7.7,4.2,2.8,3.6,2.5,2.3,,,0.5,9.5
2023-07-13,Quorum,805.0,30.3,19.5,15.5,8.8,6.0,3.5,2.7,4.0,2.7,1.8,,,1.0,10.8
2023-07-13,Termometro Politico,4000.0,29.1,19.8,16.2,9.1,7.5,3.6,2.3,2.8,2.4,2.3,1.5,1.3,,9.3
2023-07-10,SWG,1200.0,28.8,20.4,15.9,10.0,7.2,3.6,2.8,3.2,2.4,2.1,1.8,,,8.4
2023-07-08,Euromedia,1000.0,27.4,20.8,16.3,9.8,7.0,4.2,3.9,2.5,2.0,2.0,,,0.5,6.6
2023-07-07,Tecnè,1000.0,29.3,19.8,15.5,8.6,11.0,3.6,2.6,3.1,2.4,,,,,9.5
2023-07-06,Piepoli,,29.5,19.5,16.0,8.5,8.0,4.0,3.5,3.0,2.0,2.5,,,1.5,10.0
2023-07-06,Termometro Politico,3700.0,29.3,19.6,16.2,9.3,7.5,3.6,2.4,2.8,2.5,2.3,1.3,1.3,,9.7
2023-07-06,Quorum,805.0,29.7,19.8,15.7,8.5,6.1,3.5,2.4,3.7,2.8,1.8,,,1.3,9.9
2023-07-05,Lab2101,1000.0,30.2,19.8,14.9,8.8,7.6,4.1,2.7,3.4,2.4,2.2,,,0.4,10.4
2023-07-03,SWG,1200.0,28.3,20.1,16.3,9.6,7.5,3.7,3.0,3.3,2.6,1.9,1.7,,,8.2
2023-06-30,Tecnè,1801.0,29.6,20.1,15.3,8.5,11.2,3.5,2.5,3.0,2.3,,,,,9.5
2023-06-29,Demopolis,2000.0,29.0,21.0,15.4,9.0,7.5,3.4,2.2,3.0,1.5,1.6,1.5,,,8.0
2023-06-29,Quorum,802.0,29.4,20.1,15.4,8.6,6.9,3.3,2.7,3.5,2.5,1.7,,,1.6,9.3
2023-06-29,Ipsos,1000.0,29.4,19.4,16.2,9.1,7.3,3.1,4.1,3.2,1.5,2.0,1.5,0.7,0.9,10.0
2023-06-29,Termometro Politico,3700.0,29.3,19.9,15.9,9.1,7.7,3.5,2.5,2.7,2.4,2.4,1.3,1.3,,9.4
2023-06-29,Lab2101,1000.0,30.1,19.5,15.2,8.6,7.4,4.3,2.5,3.3,2.6,2.3,,,0.6,10.6
2023-06-28,Demos & Pi,1005.0,29.0,20.6,15.2,8.0,7.8,3.7,2.6,3.3,2.5,,,,,8.4
2023-06-27,Euromedia,800.0,29.2,20.2,16.2,8.4,7.0,4.6,4.0,2.4,2.0,2.1,,,0.6,9.0
2023-06-24,BiDiMedia,1000.0,28.7,20.0,15.8,8.6,7.7,3.9,2.5,3.0,2.5,1.8,1.3,1.0,0.7,8.7
2023-06-26,SWG,1200.0,28.6,20.3,16.3,9.3,7.1,3.5,3.1,3.3,2.3,2.1,1.7,,,8.3
2023-06-23,Tecnè,1000.0,29.5,20.0,15.3,8.4,11.5,3.4,2.5,3.1,2.2,,,,,9.5
2023-06-23,Termometro Politico,4400.0,29.0,19.6,16.1,9.2,8.0,3.5,2.6,2.6,2.5,2.5,1.3,1.3,,9.4
2023-06-22,Noto,,28.0,20.0,16.0,9.5,10.0,6.0,2.5,2.0,2.0,1.5,,1.5,4.5,
2023-06-22,Quorum,803.0,28.7,20.6,15.6,8.2,7.8,3.5,2.5,3.2,2.0,1.7,,,1.2,8.1
2023-06-19,Tecné,1003.0,29.6,19.7,15.2,8.5,11.5,3.5,2.5,3.0,1.9,,,,,9.9
2023-06-19,Ixè,1000.0,30.2,20.3,16.6,8.3,7.0,3.1,2.2,4.1,2.3,1.7,,,0.9,9.9
2023-06-19,SWG,1200.0,28.9,20.5,16.0,9.1,7.2,3.7,2.9,3.2,2.5,2.2,1.5,,1.0,8.4
2023-06-17,Lab2101,1000.0,29.8,19.6,15.9,8.9,7.2,4.5,2.6,3.4,2.2,2.2,,,0.7,10.2
2023-06-16,EMG,1268.0,28.0,20.0,14.6,9.2,8.9,3.3,3.2,2.4,3.0,2.0,1.5,,1.3,8.0
2023-06-16,Tecnè,1000.0,29.5,19.8,15.2,8.4,11.8,3.5,2.5,3.0,2.0,,,,,9.7
2023-06-15,Termometro Politico,4900.0,29.3,19.6,16.0,9.1,8.3,3.7,2.4,2.6,2.3,2.3,1.3,1.4,,9.7
2023-06-15,Piepoli,,29.5,20.0,15.5,9.0,8.0,3.5,3.0,3.0,2.5,2.5,,,1.5,9.5
2023-06-14,Euromedia,1000.0,28.8,21.3,15.0,8.7,9.5,4.1,3.6,2.4,1.9,2.0,,,0.5,7.5
2023-06-13,Quorum,801.0,28.0,20.7,15.9,7.2,9.6,2.9,2.1,3.6,1.9,1.6,,,1.2,7.3
2023-06-13,Noto,,28.0,20.0,15.0,9.0,10.0,6.5,3.5,2.5,,,,1.5,4.0,
2023-06-12,Winpoll,1000.0,28.7,21.3,14.4,7.1,13.3,3.5,2.0,3.1,1.8,,1.3,,,7.4
2023-06-12,SWG,1200.0,28.7,20.2,16.4,8.8,7.3,3.9,3.0,3.4,2.5,2.2,1.6,,1.0,8.5
2023-06-09,Tecnè,1000.0,30.0,19.6,15.7,9.0,8.3,4.0,2.9,3.0,2.3,,,,,10.4
2023-06-08,EMG,1211.0,27.5,19.9,15.2,10.0,7.4,3.2,3.2,2.3,3.4,2.2,1.7,,1.2,7.6
2023-06-08,Termometro Politico,3600.0,29.7,19.3,15.9,9.0,7.8,3.6,2.5,2.6,2.4,2.3,1.4,1.4,,10.4
2023-06-06,Euromedia,1000.0,29.2,21.2,16.4,9.0,6.5,4.3,3.8,2.5,1.9,2.4,,,0.7,8.0
2023-06-06,Noto,,28.5,20.5,15.0,9.5,7.0,6.5,3.5,2.0,,,,1.5,6.0,
2023-06-05,Tecné,1000.0,30.0,19.8,15.5,9.0,8.2,4.0,3.0,3.2,2.1,,,,,10.2
2023-06-05,SWG,1200.0,29.1,20.4,16.1,9.0,7.0,3.8,2.7,3.6,2.4,2.2,1.5,,1.0,8.7
2023-06-03,BiDiMedia,1128.0,28.9,20.1,15.4,9.5,6.4,4.5,2.6,3.0,2.6,1.7,1.3,1.0,0.9,8.8
2023-06-01,EMG,1385.0,27.8,20.3,15.4,10.0,7.1,3.2,3.2,2.4,3.1,2.3,1.5,,1.0,7.5
2023-06-01,Quorum,801.0,29.7,21.0,16.0,7.5,6.7,3.0,1.9,3.5,2.0,1.8,,,1.2,8.7
2023-06-01,Tecnè,1000.0,30.0,19.8,15.4,8.9,8.3,4.2,3.0,3.1,2.2,,,,,10.2
2023-06-01,Termometro Politico,3700.0,29.4,19.3,16.2,9.3,7.6,3.8,2.5,2.4,2.5,2.3,1.4,1.4,,10.1
2023-06-01,Lab2101,1000.0,29.8,19.3,16.1,9.5,6.8,4.9,2.4,3.2,2.2,2.2,,,0.7,10.5
2023-05-30,Piepoli,,29.5,19.5,15.5,9.0,7.5,4.5,3.0,3.0,2.5,2.5,,,1.5,10.0
2023-05-29,SWG,1200.0,29.1,21.0,16.3,9.1,6.6,4.0,2.8,3.4,2.4,2.0,1.4,,1.0,8.1
2023-05-26,Tecnè,1000.0,29.7,20.0,15.5,9.0,8.2,4.3,2.8,2.9,2.3,,,,,9.7
2023-05-25,EMG,1435.0,28.1,20.6,15.4,9.7,6.7,3.3,3.3,2.1,2.8,2.4,1.3,,1.1,7.5
2023-05-25,Noto,,28.0,21.5,14.0,9.5,7.0,6.5,3.0,2.0,,,,1.5,7.0,
2023-05-25,Ipsos,1000.0,29.6,20.4,15.0,8.2,7.7,3.5,3.0,3.5,1.8,2.4,1.2,0.9,1.0,9.2
2023-05-25,Termometro Politico,3900.0,29.7,19.3,16.0,9.3,7.4,4.1,2.4,2.5,2.3,2.5,1.4,1.4,,10.4
2023-05-25,Lab2101,1000.0,29.4,19.7,16.4,9.3,6.7,5.1,2.6,3.4,2.4,2.3,,,0.6,9.7
2023-05-23,Piepoli,,29.5,19.5,16.0,9.5,7.0,4.5,3.0,2.5,3.0,2.5,,,1.5,10.0
2023-05-22,SWG,1200.0,29.7,20.9,16.0,8.8,6.7,4.3,2.7,3.5,2.2,2.0,1.6,,,8.8
2023-05-19,Euromedia,1000.0,29.6,20.8,16.5,9.2,6.5,4.5,3.7,2.5,1.8,2.3,,,0.6,8.8
2023-05-19,Tecnè,1000.0,29.4,19.8,15.7,9.1,8.3,4.3,2.7,3.0,2.4,,,,,9.6
2023-05-19,Lab2101,1000.0,29.1,19.9,16.1,9.6,6.8,5.3,2.7,3.3,2.2,2.4,,,0.8,9.2
2023-05-18,Quorum,801.0,29.4,21.3,16.1,8.2,6.5,3.4,2.4,3.1,1.8,1.6,,,1.2,8.1
2023-05-18,Termometro Politico,4200.0,29.5,19.0,16.0,9.4,7.6,4.0,2.4,2.5,2.2,2.5,1.3,1.4,,10.5
2023-05-17,Piepoli,,30.0,19.0,16.0,9.0,7.0,4.0,2.5,2.5,2.5,2.5,,,1.5,11.0
2023-05-17,Noto,1000.0,27.5,21.0,14.0,10.0,6.5,4.5,3.0,3.0,2.0,,,,1.5,6.5
2023-05-15,SWG,1200.0,29.8,21.3,15.8,8.6,6.8,4.1,2.7,3.4,2.4,1.9,1.4,,,8.5
2023-05-12,Tecnè,1000.0,29.3,19.6,15.9,9.0,8.5,4.5,2.6,2.9,2.3,,,,,9.7
2023-05-12,Lab2101,1000.0,29.3,20.2,15.6,9.9,6.8,5.4,2.3,3.1,2.2,2.5,,,0.5,9.1
2023-05-11,EMG,1428.0,28.0,20.5,16.1,9.6,6.5,3.7,3.1,2.5,2.5,2.6,0.9,,1.0,7.5
2023-05-11,Termometro Politico,4200.0,29.3,19.2,16.1,9.3,7.5,4.3,2.3,2.3,2.4,2.3,1.3,1.5,,10.1
2023-05-10,Proger Index,800.0,29.5,20.6,15.7,9.0,6.6,4.2,2.7,3.3,2.5,1.9,,,,8.9
2023-05-08,Euromedia,1000.0,28.8,19.6,16.2,9.6,6.8,4.6,3.5,2.5,2.2,2.4,,,0.8,9.2
2023-05-08,SWG,1200.0,29.5,21.1,15.6,9.0,6.6,4.1,2.8,3.3,2.4,1.8,1.6,,,8.4
2023-05-05,Tecnè,1000.0,29.3,19.6,15.7,8.9,8.7,4.6,2.5,3.1,2.4,,,,,9.7
2023-05-04,EMG,1435.0,28.3,20.0,16.3,9.3,6.5,4.0,3.2,2.7,2.3,2.7,1.0,,1.0,8.3
2023-05-04,Piepoli,,30.0,19.0,16.5,8.5,7.0,3.5,2.5,2.5,2.0,2.0,,,1.5,11.0
2023-05-04,Quorum,805.0,28.6,20.8,16.9,8.4,6.4,4.2,2.5,3.0,1.9,1.8,,,1.0,7.8
2023-05-04,Lab2101,1000.0,29.2,19.8,15.9,9.8,6.7,5.4,2.3,3.4,2.2,2.5,,,0.4,9.4
2023-05-04,Termometro Politico,4100.0,29.6,18.9,16.1,9.3,7.4,4.2,2.3,2.4,2.5,2.5,1.5,1.4,,10.7
2023-05-03,Proger Index,800.0,29.1,20.8,15.6,9.0,6.7,4.4,2.6,3.1,2.5,2.0,,,,8.3
2023-04-30,SWG,1200.0,28.8,21.5,15.3,9.0,6.8,4.3,2.5,3.2,2.3,2.1,1.8,,,7.3
2023-04-28,Tecnè,1000.0,29.4,19.4,15.9,9.0,8.4,4.5,2.6,3.0,2.3,,,,,10.0
2023-04-27,EMG,1536.0,27.8,19.9,16.3,9.3,6.8,4.2,3.4,2.9,2.1,2.7,1.1,,1.1,7.9
2023-04-27,Quorum,804.0,29.0,20.8,16.6,8.6,6.2,4.1,2.4,3.0,1.8,1.5,,,1.1,8.2
2023-04-27,Demos & Pi,1007.0,29.3,20.1,15.6,8.2,7.6,4.2,2.4,3.2,2.7,,,,,9.2
2023-04-27,Termometro Politico,3900.0,29.6,18.7,15.9,9.5,7.7,4.1,2.4,2.3,2.5,2.4,1.4,1.5,,10.9
2023-04-27,Lab2101,1000.0,29.1,20.1,15.8,9.7,6.6,5.5,2.4,3.3,2.3,2.4,,,0.6,9.0
2023-04-26,Euromedia,800.0,29.0,20.1,15.7,9.5,7.1,4.5,3.9,1.9,2.1,2.3,,,0.6,8.9
2023-04-24,SWG,1200.0,28.6,21.1,15.4,9.3,6.6,4.4,2.4,3.0,2.4,2.3,1.8,,0.8,7.5
2023-04-21,Piepoli,,30.0,18.0,16.0,8.5,8.0,4.0,2.5,2.5,2.0,2.0,,,1.5,12.0
2023-04-21,Tecnè,1000.0,29.3,19.6,15.7,9.0,8.3,4.4,2.5,3.1,2.4,,,,,9.7
2023-04-21,Lab2101,1000.0,29.3,19.8,15.6,9.8,6.5,5.7,2.5,3.2,2.3,2.4,,,0.5,9.5
2023-04-20,EMG,1485.0,27.3,19.9,16.6,9.0,7.2,4.4,3.6,3.0,1.9,2.8,1.3,,1.2,7.4
2023-04-20,Quorum,802.0,29.4,20.7,16.9,8.7,6.8,3.5,2.1,2.6,2.0,1.8,,,1.3,8.7
2023-04-20,Ipsos,1000.0,29.0,20.7,16.5,8.0,8.0,5.2,3.3,2.3,1.6,1.3,1.2,1.3,1.6,
2023-04-20,Termometro Politico,4100.0,29.2,18.7,16.2,9.7,7.5,4.3,2.5,2.2,2.4,2.4,1.5,1.5,,10.5
2023-04-19,Proger Index,800.0,29.1,20.5,15.7,9.3,6.4,4.3,2.5,3.0,2.5,2.0,,,,8.6
2023-04-19,Noto,1000.0,28.0,21.0,15.0,10.0,7.0,5.0,2.5,3.0,2.0,,,,1.5,7.0
2023-04-19,Demopolis,2000.0,29.2,20.5,15.0,9.0,6.8,4.3,2.0,3.2,1.8,1.7,1.5,,,8.7
2023-04-17,SWG,1200.0,29.0,21.0,15.4,9.4,6.3,4.6,2.6,3.1,2.3,2.1,1.9,,,8.0
2023-04-15,Piepoli,,29.5,18.0,16.0,8.5,7.5,7.5,3.0,2.5,2.0,,,1.5,4.0,
2023-04-14,BiDiMedia,872.0,28.5,20.0,15.5,9.5,6.6,5.0,2.5,2.8,2.4,1.8,1.3,1.1,0.8,8.5
2023-04-14,Tecnè,1000.0,29.4,19.6,15.6,8.9,8.3,6.9,3.3,2.3,1.7,,,,4.0,
2023-04-13,EMG,1413.0,27.0,19.5,17.0,9.3,7.4,6.9,2.9,2.0,2.7,1.4,,1.2,2.7,
2023-04-13,Quorum,802.0,28.9,20.3,16.6,8.1,6.8,7.5,3.0,2.1,1.9,,,0.9,3.9,
2023-04-13,Termometro Politico,4200.0,29.6,18.4,16.4,8.9,7.7,7.5,2.3,2.3,2.2,1.3,1.5,,1.9,
2023-04-13,Lab2101,1000.0,29.1,19.4,15.8,9.7,6.8,7.9,3.4,2.2,2.6,,,0.6,2.5,
2023-04-12,Euromedia,1000.0,29.6,20.1,15.2,9.3,7.0,7.7,2.1,2.1,2.4,,,0.5,4.0,
2023-04-12,Proger Index,800.0,29.5,20.3,15.6,8.9,6.5,7.8,3.3,2.6,1.9,,,,3.6,
2023-04-10,SWG,1200.0,29.3,20.7,15.1,8.8,6.5,7.7,3.2,2.4,1.9,1.9,,,2.5,
2023-04-07,Piepoli,,29.5,17.5,16.0,8.5,7.0,7.5,3.0,2.5,2.0,,,1.5,5.0,
2023-04-07,Tecnè,1000.0,29.7,19.8,15.4,8.7,8.1,7.4,3.1,2.1,1.6,,,,4.1,
2023-04-06,EMG,1402.0,26.6,19.3,16.8,9.6,8.0,6.8,2.7,2.0,2.6,1.4,,1.2,3.0,
2023-04-06,Termometro Politico,4100.0,29.4,18.4,16.7,8.9,7.5,7.7,2.1,2.3,2.4,1.5,1.4,,1.7,
2023-04-06,Lab2101,1000.0,29.3,18.7,15.6,9.8,6.5,8.5,3.7,2.1,2.4,,,0.6,2.8,
2023-04-05,Proger Index,800.0,29.8,20.2,15.4,8.7,6.2,8.1,3.2,2.6,1.8,,,,4.0,
2023-04-03,SWG,1200.0,29.7,20.4,15.1,8.4,6.2,7.8,3.3,2.6,1.8,1.9,,,2.8,
2023-03-31,Tecnè,1000.0,29.7,20.0,15.5,8.6,7.4,7.3,3.2,2.3,1.7,,,,4.3,
2023-03-30,EMG,1333.0,26.8,19.3,16.5,9.5,8.2,6.9,2.7,2.0,2.6,1.4,,1.2,2.9,
2023-03-30,Quorum,805.0,28.8,20.6,16.4,9.0,6.2,7.3,2.7,2.0,2.2,,,1.2,3.6,
2023-03-30,Termometro Politico,4200.0,29.6,18.5,16.5,9.0,7.4,7.6,2.0,2.2,2.6,1.3,1.5,,1.8,
2023-03-30,Ixè,1000.0,28.9,21.1,15.5,8.1,6.8,6.7,3.9,1.9,1.6,,,1.0,4.5,
2023-03-30,Lab2101,1000.0,29.7,18.7,15.2,9.6,6.9,9.1,3.7,2.1,2.3,,,0.6,2.1,
2023-03-29,Euromedia,1000.0,28.7,20.5,15.0,9.0,7.0,8.6,2.8,2.1,2.4,,,0.5,3.4,
2023-03-29,Proger Index,800.0,29.7,20.1,15.6,8.6,6.4,8.3,3.1,2.5,1.7,,,,4.0,
2023-03-27,Tecné,1000.0,30.0,20.0,15.5,9.0,7.5,7.0,,,,,,,11.0,
2023-03-27,SWG,1200.0,29.6,20.4,15.6,8.0,6.4,8.0,3.4,2.7,1.8,1.7,,,2.4,
2023-03-24,Piepoli,,30.0,17.5,16.5,9.0,7.0,8.0,3.0,2.0,2.0,,,1.5,3.5,
2023-03-24,Tecnè,1000.0,30.0,19.8,15.6,8.8,7.2,7.1,3.1,2.4,1.8,,,,4.2,
2023-03-23,EMG,1472.0,27.0,18.9,16.6,9.3,8.5,7.1,2.7,2.2,2.6,1.4,,1.3,2.4,
2023-03-23,Noto,,29.0,21.0,14.5,8.5,7.5,8.0,3.0,1.5,,,,1.5,5.5,
2023-03-23,Termometro Politico,4200.0,29.4,18.0,16.3,9.0,7.7,7.8,2.2,2.4,2.4,1.4,1.5,,1.9,
2023-03-23,Quorum,805.0,28.9,20.1,15.8,8.8,5.9,7.6,2.8,2.3,2.4,,,1.3,4.1,
2023-03-23,Lab2101,1000.0,30.1,18.4,15.4,9.5,6.7,9.0,3.6,2.2,2.1,,,0.7,2.2,
2023-03-22,Demopolis,2000.0,30.0,20.2,15.0,8.5,6.6,7.3,3.0,,,,,,9.4,
2023-03-20,Ixè,1000.0,28.6,20.1,16.2,8.0,6.2,7.0,4.6,2.0,2.0,,,0.9,4.4,
2023-03-20,SWG,1200.0,30.3,20.4,15.3,8.5,6.3,7.7,3.2,2.5,1.7,1.8,,,2.3,
2023-03-17,Tecnè,1000.0,30.1,19.6,15.8,8.8,7.2,7.2,3.0,2.5,1.7,,,,4.1,
2023-03-17,Lab2101,1000.0,30.3,18.0,15.6,9.4,6.9,8.9,3.7,2.1,1.8,,,0.6,2.7,
2023-03-16,EMG,1365.0,27.1,18.4,16.5,9.5,8.5,7.0,2.9,2.4,2.7,1.4,,1.4,2.2,
2023-03-16,Quorum,805.0,29.0,19.3,15.8,8.5,5.8,7.6,2.9,2.0,2.4,,,1.5,5.2,
2023-03-16,Ipsos,1000.0,30.3,19.0,16.8,8.0,7.2,6.2,3.5,2.0,2.2,1.9,1.0,1.0,0.9,
2023-03-16,Termometro Politico,4200.0,29.5,18.0,16.4,9.2,7.5,7.7,2.0,2.3,2.2,1.5,1.6,,2.1,
2023-03-15,Proger Index,800.0,29.8,19.5,15.8,9.0,6.2,8.1,3.1,2.7,1.9,,,,3.9,
2023-03-14,Piepoli,,30.5,16.5,16.5,9.5,7.5,7.5,2.5,2.0,2.5,,,1.5,3.5,
2023-03-13,Euromedia,800.0,29.2,20.3,15.0,9.4,6.5,8.4,2.6,2.2,2.4,,,0.5,3.5,
2023-03-13,SWG,1200.0,30.3,19.8,16.1,8.8,6.4,7.5,3.2,2.2,1.6,1.7,,,2.4,
2023-03-11,BiDiMedia,1034.0,28.1,18.7,16.0,9.2,7.1,8.4,2.9,2.6,1.8,1.3,1.0,0.9,2.0,
2023-03-10,Tecnè,1000.0,30.6,18.6,16.0,8.9,7.4,7.4,2.8,2.4,1.8,,,,4.1,
2023-03-10,Lab2101,1000.0,30.1,17.5,15.9,9.2,7.1,8.7,3.9,2.3,1.7,,,0.7,2.9,
2023-03-09,EMG,1324.0,27.4,17.8,16.5,9.9,8.4,7.0,3.2,2.6,2.5,1.3,,1.5,1.9,
2023-03-09,Quorum,805.0,28.4,18.7,16.0,8.7,5.9,7.7,3.3,1.8,2.5,,,1.5,5.5,
2023-03-09,Termometro Politico,4200.0,29.2,18.0,16.8,9.3,7.2,7.6,2.2,2.3,2.4,1.3,1.6,,2.1,
2023-03-08,Proger Index,800.0,30.0,18.9,16.0,9.0,6.1,8.0,3.5,2.8,1.9,,,,3.8,
2023-03-06,SWG,1200.0,30.7,19.0,15.7,8.8,6.6,8.0,3.0,2.1,1.7,1.8,,,2.6,
2023-03-02,EMG,1302.0,27.3,18.1,16.2,9.8,8.2,6.8,3.4,2.8,2.3,1.4,,1.5,2.2,
2023-03-02,Tecnè,1000.0,30.7,18.0,16.5,8.8,7.5,7.4,2.9,2.6,1.7,,,,3.9,
2023-03-02,Proger Index,800.0,30.1,17.8,16.7,8.9,6.0,7.6,4.0,2.9,2.0,,,,4.0,
2023-03-02,Quorum,804.0,28.7,17.9,15.6,8.7,5.7,7.2,3.3,2.1,2.4,,,1.8,6.6,
2023-03-02,Lab2101,1000.0,29.7,17.3,16.1,9.6,7.2,8.4,4.1,2.5,1.5,,,0.4,3.2,
2023-03-01,Termometro Politico,4600.0,28.9,17.9,16.7,9.2,7.1,7.9,2.0,2.4,2.6,1.5,1.6,,2.2,
2023-02-28,Euromedia,1000.0,29.6,19.6,15.6,9.4,6.9,8.3,2.0,2.4,2.5,,,0.5,3.2,
2023-02-28,Noto,,28.5,19.5,16.5,10.0,7.5,8.0,1.5,1.5,,,,1.5,6.0,
2023-02-27,SWG,1200.0,30.7,16.4,17.0,8.7,6.4,7.2,3.8,2.9,2.0,1.7,,,3.2,
2023-02-24,Tecnè,1000.0,31.0,17.2,16.8,9.1,7.7,7.2,3.2,2.5,1.6,,,,3.7,
2023-02-23,Ipsos,1000.0,31.0,17.0,17.5,8.6,7.4,6.0,3.5,2.0,2.1,2.0,0.8,1.2,0.9,
2023-02-23,EMG,1388.0,27.7,18.6,16.6,9.4,7.8,7.0,3.2,3.0,2.0,1.3,,1.4,2.0,
2023-02-23,Termometro Politico,4300.0,28.5,16.6,17.3,9.2,7.5,7.6,2.7,2.7,2.5,1.6,1.7,,2.1,
2023-02-23,Lab2101,1000.0,29.5,16.2,16.9,9.5,6.9,8.0,4.3,2.7,1.6,,,0.6,3.8,
2023-02-22,Proger Index,800.0,30.5,16.3,17.1,9.2,6.0,7.4,4.0,2.8,2.1,,,,4.6,
2023-02-22,Demos & Pi,1003.0,30.5,17.5,17.0,8.5,7.0,7.2,3.3,2.9,,,,,6.1,
2023-02-21,Euromedia,800.0,29.6,17.5,16.9,9.0,7.7,8.1,3.0,2.4,2.1,,,0.5,3.2,
2023-02-21,Ixè,1000.0,31.1,16.9,17.2,7.6,6.7,6.6,4.2,2.1,1.8,,,0.9,4.9,
2023-02-20,Piepoli,510.0,30.5,15.0,17.0,9.5,7.0,7.5,3.0,2.5,2.5,,,1.5,4.0,
2023-02-20,SWG,1200.0,31.0,15.8,17.0,9.3,6.2,7.4,3.4,2.8,1.9,2.0,,,3.2,
2023-02-18,Tecnè,1000.0,31.1,16.7,17.0,9.2,7.8,7.4,3.1,2.4,1.7,,,,3.6,
2023-02-16,Termometro Politico,4100.0,28.7,16.8,17.2,8.9,7.5,7.9,2.8,2.5,2.4,1.5,1.6,,2.2,
2023-02-16,Lab2101,1000.0,29.4,16.0,17.2,9.6,6.9,8.1,4.0,2.6,1.5,,,0.5,4.2,
2023-02-15,Proger Index,800.0,31.0,15.4,17.5,8.7,6.3,7.6,3.9,2.8,2.2,,,,4.6,
2023-02-14,EMG,1523.0,27.8,18.3,17.5,8.8,7.4,7.4,3.5,2.5,2.0,1.3,,1.5,2.0,
2023-02-13,Noto,,28.5,16.0,19.0,10.0,7.5,7.5,2.5,2.0,,,,1.5,5.5,
2023-02-13,Tecnè,1000.0,30.6,17.1,16.7,9.2,8.0,7.4,3.3,2.5,,,,,5.2,
2023-02-13,SWG,1200.0,31.0,15.1,17.7,8.9,6.1,7.8,3.6,2.8,2.2,1.7,,,3.1,
2023-02-09,Lab2101,1000.0,28.9,15.5,17.9,9.3,6.8,9.1,4.0,2.7,1.4,,,0.5,2.7,
2023-02-06,SWG,1200.0,30.6,14.8,17.5,8.7,6.4,8.1,3.5,3.0,2.3,2.0,,,3.1,
2023-02-03,Lab2101,1000.0,28.5,16.6,17.8,9.5,7.0,9.3,3.9,2.8,1.4,,,0.6,2.6,
2023-02-02,EMG,1456.0,27.5,17.9,17.7,8.7,7.4,7.6,3.4,2.5,2.0,1.5,,1.3,2.5,
2023-02-02,Termometro Politico,4100.0,28.5,16.5,17.9,8.6,7.0,8.3,2.9,2.6,2.3,1.6,1.6,,2.2,
2023-02-02,Ixè,1000.0,30.1,16.7,17.9,7.8,7.5,7.0,3.8,2.8,2.7,,,0.5,3.2,
2023-02-01,Proger Index,800.0,30.7,15.2,17.7,8.5,6.6,7.9,4.0,2.9,2.2,,,,4.3,
2023-01-30,EMG,1325.0,27.5,17.7,17.9,8.6,7.2,7.9,3.6,2.4,2.2,1.3,,1.3,2.4,
2023-01-30,SWG,1200.0,30.4,14.2,17.8,9.0,6.8,8.2,3.6,3.2,2.0,2.0,,,2.8,
2023-01-26,Piepoli,,30.0,15.0,17.5,9.0,6.5,8.5,4.0,3.0,2.0,,,1.5,3.0,
2023-01-26,Termometro Politico,3300.0,28.6,16.6,17.6,8.4,7.4,8.1,2.8,2.5,2.5,1.5,1.5,,2.5,
2023-01-26,Quorum,1602.0,29.6,15.8,17.7,8.7,6.7,7.8,3.5,2.3,1.9,1.3,,1.5,3.2,
2023-01-26,Lab2101,1000.0,28.8,16.9,17.8,9.4,6.9,9.4,3.8,2.8,1.5,,,0.5,2.2,
2023-01-25,Proger Index,800.0,30.5,15.1,17.5,8.2,6.7,7.9,4.0,3.0,2.2,,,,4.9,
2023-01-25,Noto,,28.0,15.0,20.0,10.0,7.0,8.5,3.0,2.0,,,,1.0,5.5,
2023-01-25,Demopolis,2000.0,29.0,15.0,17.8,8.3,6.6,7.5,3.2,,,,,,12.6,
2023-01-24,Euromedia,800.0,29.1,17.2,17.0,8.5,7.6,8.6,2.6,2.4,2.5,,,0.5,4.0,
2023-01-19,EMG,1406.0,27.8,17.4,17.6,8.8,7.0,8.2,3.8,2.3,2.3,1.3,,1.4,2.1,
2023-01-23,Ipsos,1000.0,30.5,16.4,18.2,8.3,6.8,7.1,4.1,2.0,2.2,1.3,1.3,1.0,0.8,
2023-01-23,SWG,1200.0,30.8,14.0,17.4,8.5,6.6,8.2,3.8,3.1,2.3,1.8,,1.0,2.5,
2023-01-20,Tecnè,1000.0,31.0,15.5,17.4,9.0,7.7,7.8,3.2,2.6,1.9,,,,3.9,
2023-01-19,Termometro Politico,3800.0,29.1,16.4,17.3,8.4,7.2,8.1,3.0,2.6,2.3,1.6,1.5,,2.5,
2023-01-18,BiDiMedia,1200.0,29.1,16.3,17.1,8.8,6.8,8.2,3.6,2.7,2.3,1.4,0.9,0.9,1.9,
2023-01-18,Lab2101,1000.0,28.5,16.5,18.1,9.5,6.7,9.1,3.9,2.7,1.7,,,0.4,2.9,
2023-01-16,SWG,1200.0,31.3,14.2,17.6,8.3,6.4,7.8,3.7,3.0,2.3,1.8,,1.0,2.6,
2023-01-13,Tecnè,1000.0,31.0,15.2,17.6,9.0,7.6,7.6,3.5,2.5,1.8,,,,4.2,
2023-01-12,EMG,1528.0,28.2,17.1,17.4,9.0,7.0,8.4,3.5,2.1,2.5,1.4,,1.4,2.0,
2023-01-12,Termometro Politico,3700.0,28.8,16.3,17.5,8.6,7.1,8.0,3.2,2.5,2.4,1.5,1.4,,2.7,
2023-01-12,Lab2101,1000.0,28.2,16.2,18.2,9.4,6.5,8.9,4.0,2.8,1.8,,,0.6,3.4,
2023-01-11,Euromedia,1000.0,28.2,16.7,17.5,9.0,7.0,8.3,1.9,2.5,2.6,,,1.0,5.3,
2023-01-10,Piepoli,,30.5,15.0,17.5,9.0,6.5,7.5,3.5,3.0,2.5,,,1.5,3.5,
2023-01-09,SWG,1200.0,31.3,14.0,17.7,8.5,6.9,7.5,3.7,3.0,2.2,1.6,,1.1,2.5,
2023-01-05,Lab2101,1000.0,29.1,16.4,18.0,9.5,6.4,8.7,3.9,2.7,1.7,,,0.4,3.2,
2023-01-04,EMG,1489.0,28.6,16.7,17.5,9.2,7.0,8.2,3.5,2.0,2.4,1.5,,1.4,2.0,
2022-12-31,Demopolis,,30.0,15.5,17.8,8.3,6.7,8.0,3.2,,,,,,,
2022-12-31,Lab2101,1000.0,29.0,16.6,18.1,9.3,6.6,8.6,4.0,2.6,1.6,,,0.5,2.9,
2022-12-29,EMG,1434.0,28.8,16.5,17.3,9.3,7.1,7.9,3.3,2.2,2.2,1.8,,1.5,2.1,
2022-12-29,Termometro Politico,3600.0,28.7,16.3,17.7,8.4,6.8,8.3,3.3,2.4,2.4,1.7,1.5,,2.5,
2022-12-22,Ipsos,1000.0,31.7,16.3,17.6,7.8,6.2,7.0,3.8,2.0,2.3,1.6,1.5,1.1,1.1,
2022-12-22,Termometro Politico,3100.0,28.7,16.4,17.6,8.5,6.9,8.2,3.2,2.5,2.3,1.6,1.4,,2.7,
2022-12-21,Noto,,28.5,16.0,18.5,9.5,8.5,8.0,2.5,2.0,,,,1.5,5.0,
2022-12-21,Ixè,1000.0,30.3,15.5,18.1,9.1,6.9,7.7,4.3,2.6,2.3,,,1.0,2.2,
2022-12-20,Piepoli,,29.5,16.5,17.5,8.5,6.0,8.0,4.0,2.5,2.5,,,1.5,3.5,
2022-12-19,EMG,1358.0,29.3,16.8,17.3,8.9,6.7,7.5,3.2,2.4,2.3,1.8,,1.4,2.5,
2022-12-19,BiDiMedia,1112.0,29.3,16.1,17.0,8.6,6.9,8.3,3.7,2.7,2.2,1.5,1.0,0.8,1.9,
2022-12-19,SWG,1200.0,30.6,14.7,17.4,9.0,6.1,7.8,4.0,2.8,2.2,1.8,,,3.6,
2022-12-16,Tecnè,1000.0,30.8,15.7,17.5,8.8,7.4,7.5,3.4,2.6,1.9,,,,4.4,
2022-12-15,Euromedia,,28.6,15.8,17.2,9.7,7.8,8.5,2.6,2.4,2.5,,,0.6,4.0,
2022-12-15,EMG,1412.0,29.2,16.8,17.3,8.9,6.7,7.5,3.2,2.4,2.3,1.8,,1.4,2.5,
2022-12-15,YouTrend,800.0,33.0,15.4,16.7,9.1,6.0,8.5,3.1,1.9,2.4,1.8,,1.1,1.0,
2022-12-15,Termometro Politico,3700.0,28.7,16.8,17.6,8.1,7.0,8.3,3.3,2.4,2.4,1.6,1.3,,2.5,
2022-12-12,BiDiMedia,2018.0,29.1,16.5,17.2,8.2,7.0,8.1,3.8,2.5,2.1,1.7,1.1,0.7,2.0,
2022-12-12,SWG,1200.0,30.8,15.1,17.1,8.5,6.0,8.0,4.1,2.7,2.1,1.6,,,4.0,
2022-12-09,Tecnè,1000.0,30.5,16.4,17.5,8.7,7.3,7.6,3.5,2.5,1.8,,,,4.4,
2022-12-08,EMG,1428.0,29.2,17.0,17.5,8.7,6.6,7.3,3.2,2.6,2.5,1.9,,1.4,2.1,
2022-12-08,Termometro Politico,3400.0,28.5,16.8,17.3,8.3,6.9,8.3,3.5,2.5,2.2,1.7,1.5,,2.5,
2022-12-05,SWG,1200.0,30.8,15.4,16.6,8.1,6.1,8.2,4.0,3.0,2.2,1.7,,,3.9,
2022-12-02,Tecnè,1000.0,30.4,16.6,17.4,8.5,7.3,7.5,3.3,2.5,1.9,,,,4.6,
2022-12-01,EMG,1425.0,29.0,16.9,17.7,9.1,6.5,7.5,3.4,2.6,2.4,2.1,,1.3,1.5,
2022-12-01,Noto,,28.0,17.0,18.0,10.0,8.0,8.0,3.5,2.0,,,,1.5,4.0,
2022-12-01,Termometro Politico,3900.0,28.6,16.8,17.5,8.2,6.7,8.4,3.4,2.5,2.3,1.6,1.4,,2.6,
2022-11-30,Euromedia,1000.0,28.1,17.4,16.6,9.8,7.3,8.4,3.2,2.3,2.3,,,0.6,4.0,
2022-11-28,SWG,1200.0,30.3,15.8,16.9,7.8,6.5,8.1,4.3,2.8,2.2,1.6,,,3.7,
2022-11-25,Tecnè,1000.0,30.3,16.4,17.6,8.4,7.2,7.6,3.3,2.6,1.8,,,,4.8,
2022-11-25,BiDiMedia,1000.0,28.4,16.7,17.2,8.5,7.5,7.9,3.7,2.6,2.2,1.6,1.1,0.6,2.0,
2022-11-24,EMG,1585.0,28.9,16.6,18.0,9.0,6.7,7.7,3.3,2.4,2.6,2.0,,1.2,1.6,
2022-11-24,Ipsos,1000.0,31.4,17.2,17.5,7.3,6.8,6.8,4.2,2.1,1.7,2.0,1.2,1.2,0.6,
2022-11-24,Termometro Politico,3800.0,28.7,17.0,17.1,8.0,6.9,8.4,3.3,2.6,2.2,1.6,1.4,,2.8,
2022-11-23,Euromedia,1000.0,28.3,17.2,16.8,9.5,6.7,8.2,3.0,2.5,2.6,,,0.8,4.4,
2022-11-22,Piepoli,509.0,29.0,17.5,17.0,8.5,7.0,8.5,4.0,3.0,2.0,,,1.5,2.0,
2022-11-22,Demopolis,2000.0,29.0,16.5,17.4,8.7,7.3,7.6,3.5,,,,,,10.0,
2022-11-21,EMG,1489.0,28.9,16.5,18.0,8.8,6.9,7.5,3.4,2.3,2.5,1.9,,1.2,2.1,
2022-11-21,SWG,1200.0,30.4,16.2,16.9,7.6,6.4,7.9,4.0,3.0,1.9,1.5,,,4.2,
2022-11-18,Tecnè,1000.0,30.1,16.4,17.4,8.5,7.2,7.7,3.4,2.5,1.9,,,,4.9,
2022-11-17,Termometro Politico,3900.0,28.8,17.0,16.6,8.2,6.6,8.4,3.5,2.7,2.1,1.7,1.5,,2.9,
2022-11-16,Euromedia,1000.0,28.5,17.4,16.5,10.2,6.1,8.5,3.3,2.4,2.4,,,0.5,4.2,
2022-11-16,Proger Index,800.0,29.6,16.5,16.8,8.2,6.5,8.0,3.9,3.0,2.3,,,,5.2,
2022-11-14,SWG,1200.0,30.1,16.0,17.0,8.1,6.8,8.0,3.8,2.9,2.1,1.3,,,3.9,
2022-11-11,Tecnè,1000.0,29.4,16.9,17.1,8.4,7.0,7.7,3.5,2.5,2.0,,,,5.5,
2022-11-10,Noto,,29.0,18.5,18.5,9.5,7.0,8.0,4.5,2.0,,,,1.0,2.0,
2022-11-10,Termometro Politico,4000.0,28.4,17.4,16.5,8.3,6.6,8.4,3.6,2.5,2.2,1.8,1.4,,2.9,
2022-11-10,Demos & Pi,1001.0,28.8,16.9,17.3,8.0,7.1,7.6,3.8,2.8,2.0,,,,5.7,
2022-11-07,EMG,1483.0,28.0,16.8,17.5,8.7,7.1,8.0,4.0,2.7,2.5,1.6,,1.1,2.0,
2022-11-07,SWG,1200.0,29.4,16.0,16.8,7.7,6.3,8.4,4.0,2.7,2.5,1.6,,,4.6,
2022-11-04,Tecnè,1000.0,29.0,17.1,16.9,8.3,7.0,7.8,3.6,2.7,2.0,,,,5.6,
2022-11-03,Euromedia,1000.0,28.7,16.5,17.0,9.0,6.5,8.2,3.5,2.5,2.5,,,1.0,4.6,
2022-11-03,Termometro Politico,4200.0,28.2,17.4,16.5,8.6,6.8,8.4,3.7,2.7,2.0,1.6,1.4,,2.7,
2022-11-02,Piepoli,510.0,28.0,18.5,16.5,8.0,7.5,8.5,4.0,3.0,2.0,,,1.5,2.5,
2022-10-31,SWG,1200.0,29.1,16.3,16.3,7.9,6.5,8.6,4.1,3.0,2.5,1.4,,,4.3,
2022-10-28,EMG,1522.0,27.6,17.3,17.0,8.4,7.5,8.3,4.0,2.9,2.3,1.4,,1.0,2.3,
2022-10-28,Tecnè,1000.0,28.1,17.2,16.8,8.5,7.4,7.9,3.7,2.6,1.9,,,,5.9,
2022-10-27,Ipsos,1000.0,29.8,18.8,16.0,8.0,6.1,7.1,3.7,2.9,2.4,2.1,1.0,1.1,1.0,
2022-10-27,Termometro Politico,4000.0,28.1,17.8,16.6,8.4,6.8,8.2,3.5,2.7,2.1,1.6,1.4,,2.8,
2022-10-26,Piepoli,516.0,27.0,18.5,16.5,8.5,8.0,8.5,4.0,2.5,2.0,,,1.5,3.0,
2022-10-26,Proger Index,800.0,28.0,17.6,16.2,8.6,6.8,8.1,4.1,3.2,2.2,,,,5.2,
2022-10-26,Euromedia,800.0,28.4,17.0,17.3,9.5,6.7,8.3,3.4,2.6,2.6,,,0.8,3.4,
2022-10-24,SWG,1200.0,28.3,17.0,16.4,8.6,6.2,8.4,4.1,3.1,2.6,1.2,,,4.1,
2022-10-21,Tecnè,1000.0,28.0,17.5,16.6,8.4,7.6,7.6,3.6,2.7,1.8,,,,6.2,
2022-10-20,EMG,1571.0,27.3,17.7,16.7,8.4,7.6,8.2,3.9,2.9,2.3,1.3,,1.0,2.7,
2022-10-20,BiDiMedia,,27.1,18.2,16.2,8.5,7.9,8.2,3.8,2.6,2.1,1.3,1.0,0.7,2.4,
2022-10-20,Termometro Politico,3400.0,27.6,17.8,16.3,8.7,7.0,8.2,3.7,2.9,1.9,1.5,1.3,,3.1,
2022-10-17,EMG,1615.0,27.2,18.0,16.5,8.5,7.7,8.0,3.8,2.8,2.1,1.2,,1.0,3.2,
2022-10-17,SWG,1200.0,27.4,17.0,16.7,8.5,7.5,8.1,4.1,3.3,2.5,1.1,,,3.8,
2022-10-16,Noto,,28.0,18.5,16.0,8.5,8.0,8.0,4.0,2.5,,,,1.0,5.5,
2022-10-15,Euromedia,1000.0,27.0,17.5,17.2,8.5,7.3,8.7,3.4,2.5,2.4,,,1.1,4.4,
2022-10-14,Lab2101,1000.0,27.2,17.6,17.4,8.9,7.4,8.3,3.9,2.8,1.9,,,0.7,3.9,
2022-10-13,Termometro Politico,4100.0,27.1,18.4,16.5,8.5,7.5,7.8,3.6,2.8,2.0,1.4,1.4,,3.0,
2022-10-12,Proger Index,800.0,27.0,17.8,16.1,8.4,8.0,8.0,3.9,3.0,2.2,,,,5.6,
2022-10-10,SWG,1200.0,27.5,17.5,17.0,8.3,7.4,8.0,3.8,3.1,2.4,,,1.0,4.0,
2022-10-06,Termometro Politico,3700.0,26.6,18.7,16.0,8.6,7.9,8.0,3.8,2.6,2.1,1.4,1.3,0.7,2.3,
2022-10-06,Demos & Pi,1004.0,26.4,17.8,16.8,7.9,8.0,7.8,4.2,3.4,2.1,,,,5.6,
2022-10-03,SWG,1200.0,26.8,18.1,16.5,8.2,7.6,8.3,4.0,3.3,2.2,,,1.2,3.8,
2022-09-28,Euromedia,800.0,26.2,19.0,16.2,8.3,8.1,7.9,3.5,2.7,2.4,,,0.9,4.8,
2022-09-25,Election results,,26.0,19.1,15.4,8.8,8.1,7.8,3.6,2.8,1.9,1.4,1.2,0.9,3.0,
